,Order_Date,Order_ID
0,2023-01-01,ORD_00102406
1,2023-01-01,ORD_00102902
2,2023-01-01,ORD_00103864
3,2023-01-01,ORD_00103560
4,2023-01-02,ORD_00100632
5,2023-01-02,ORD_00103733
6,2023-01-02,ORD_00103814
7,2023-01-02,ORD_00104082
8,2023-01-02,ORD_00102022
9,2023-01-02,ORD_00104782
10,2023-01-02,ORD_00100626
11,2023-01-03,ORD_00103622
12,2023-01-03,ORD_00101482
13,2023-01-03,ORD_00103766
14,2023-01-04,ORD_00103883
15,2023-01-04,ORD_00103674
16,2023-01-04,ORD_00104963
17,2023-01-04,ORD_00104506
18,2023-01-05,ORD_00104918
19,2023-01-05,ORD_00102567
20,2023-01-05,ORD_00104812
21,2023-01-05,ORD_00104720
22,2023-01-05,ORD_00103988
23,2023-01-05,ORD_00104397
24,2023-01-05,ORD_00100866
25,2023-01-06,ORD_00104696
26,2023-01-06,ORD_00103525
27,2023-01-06,ORD_00102230
28,2023-01-06,ORD_00102305
29,2023-01-06,ORD_00100470
30,2023-01-06,ORD_00102421
31,2023-01-06,ORD_00103304
32,2023-01-06,ORD_00101379
33,2023-01-06,ORD_00103082
34,2023-01-06,ORD_00104340
35,2023-01-06,ORD_00104775
36,2023-01-07,ORD_00103870
37,2023-01-07,ORD_00102557
38,2023-01-07,ORD_00100397
39,2023-01-07,ORD_00100967
40,2023-01-07,ORD_00100104
41,2023-01-07,ORD_00103600
42,2023-01-07,ORD_00104485
43,2023-01-07,ORD_00100479
44,2023-01-07,ORD_00104400
45,2023-01-07,ORD_00102183
46,2023-01-08,ORD_00104545
47,2023-01-08,ORD_00101787
48,2023-01-08,ORD_00101940
49,2023-01-08,ORD_00104099
50,2023-01-08,ORD_00100917
51,2023-01-08,ORD_00103425
52,2023-01-08,ORD_00102730
53,2023-01-08,ORD_00100847
54,2023-01-09,ORD_00100925
55,2023-01-09,ORD_00101907
56,2023-01-09,ORD_00103596
57,2023-01-09,ORD_00104451
58,2023-01-09,ORD_00104972
59,2023-01-09,ORD_00103994
60,2023-01-09,ORD_00101551
61,2023-01-10,ORD_00100056
62,2023-01-10,ORD_00104497
63,2023-01-10,ORD_00101766
64,2023-01-10,ORD_00103553
65,2023-01-10,ORD_00101713
66,2023-01-10,ORD_00101976
67,2023-01-10,ORD_00104151
68,2023-01-10,ORD_00101593
69,2023-01-10,ORD_00103782
70,2023-01-10,ORD_00100390
71,2023-01-10,ORD_00100066
72,2023-01-11,ORD_00103817
73,2023-01-11,ORD_00100129
74,2023-01-11,ORD_00101989
75,2023-01-11,ORD_00101773
76,2023-01-11,ORD_00102279
77,2023-01-12,ORD_00102069
78,2023-01-12,ORD_00102744
79,2023-01-12,ORD_00101055
80,2023-01-12,ORD_00104982
81,2023-01-12,ORD_00102891
82,2023-01-12,ORD_00103583
83,2023-01-12,ORD_00100797
84,2023-01-12,ORD_00102805
85,2023-01-12,ORD_00103486
86,2023-01-13,ORD_00104881
87,2023-01-13,ORD_00101842
88,2023-01-13,ORD_00100883
89,2023-01-13,ORD_00102677
90,2023-01-13,ORD_00102135
91,2023-01-13,ORD_00104029
92,2023-01-13,ORD_00104023
93,2023-01-13,ORD_00100449
94,2023-01-14,ORD_00102026
95,2023-01-14,ORD_00103707
96,2023-01-14,ORD_00102692
97,2023-01-14,ORD_00104780
98,2023-01-14,ORD_00101843
99,2023-01-14,ORD_00100954
100,2023-01-14,ORD_00101796
101,2023-01-15,ORD_00103188
102,2023-01-15,ORD_00100394
103,2023-01-15,ORD_00104199
104,2023-01-15,ORD_00102960
105,2023-01-15,ORD_00101127
106,2023-01-15,ORD_00101924
107,2023-01-15,ORD_00101203
108,2023-01-15,ORD_00102608
109,2023-01-15,ORD_00103898
110,2023-01-15,ORD_00101929
111,2023-01-16,ORD_00101898
112,2023-01-16,ORD_00103502
113,2023-01-16,ORD_00104156
114,2023-01-16,ORD_00103197
115,2023-01-16,ORD_00102164
116,2023-01-16,ORD_00104675
117,2023-01-16,ORD_00101077
118,2023-01-16,ORD_00103482
119,2023-01-17,ORD_00100460
120,2023-01-17,ORD_00104937
121,2023-01-17,ORD_00100538
122,2023-01-17,ORD_00100440
123,2023-01-17,ORD_00103029
124,2023-01-17,ORD_00104751
125,2023-01-17,ORD_00100838
126,2023-01-17,ORD_00103205
127,2023-01-17,ORD_00101422
128,2023-01-18,ORD_00104389
129,2023-01-18,ORD_00101695
130,2023-01-18,ORD_00103331
131,2023-01-18,ORD_00100131
132,2023-01-18,ORD_00104957
133,2023-01-19,ORD_00101306
134,2023-01-19,ORD_00103717
135,2023-01-19,ORD_00103893
136,2023-01-19,ORD_00103123
137,2023-01-19,ORD_00104439
138,2023-01-19,ORD_00102950
139,2023-01-19,ORD_00101983
140,2023-01-19,ORD_00103521
141,2023-01-20,ORD_00101431
142,2023-01-20,ORD_00101503
143,2023-01-20,ORD_00103904
144,2023-01-20,ORD_00100708
145,2023-01-21,ORD_00102646
146,2023-01-21,ORD_00102217
147,2023-01-21,ORD_00104147
148,2023-01-21,ORD_00101426
149,2023-01-21,ORD_00100635
150,2023-01-22,ORD_00102797
151,2023-01-22,ORD_00100216
152,2023-01-22,ORD_00100158
153,2023-01-22,ORD_00102105
154,2023-01-22,ORD_00100034
155,2023-01-22,ORD_00101350
156,2023-01-22,ORD_00104003
157,2023-01-23,ORD_00102295
158,2023-01-23,ORD_00103507
159,2023-01-23,ORD_00101821
160,2023-01-23,ORD_00104321
161,2023-01-23,ORD_00104217
162,2023-01-23,ORD_00100194
163,2023-01-23,ORD_00104866
164,2023-01-23,ORD_00101229
165,2023-01-23,ORD_00104313
166,2023-01-23,ORD_00100409
167,2023-01-23,ORD_00102908
168,2023-01-24,ORD_00102364
169,2023-01-24,ORD_00104133
170,2023-01-24,ORD_00101595
171,2023-01-24,ORD_00104065
172,2023-01-24,ORD_00104070
173,2023-01-24,ORD_00103194
174,2023-01-24,ORD_00101074
175,2023-01-24,ORD_00102844
176,2023-01-24,ORD_00100500
177,2023-01-25,ORD_00102214
178,2023-01-25,ORD_00101053
179,2023-01-25,ORD_00102775
180,2023-01-25,ORD_00102796
181,2023-01-25,ORD_00101891
182,2023-01-25,ORD_00102652
183,2023-01-26,ORD_00103354
184,2023-01-26,ORD_00103677
185,2023-01-26,ORD_00100496
186,2023-01-26,ORD_00100000
187,2023-01-26,ORD_00104979
188,2023-01-27,ORD_00101394
189,2023-01-27,ORD_00100157
190,2023-01-27,ORD_00103393
191,2023-01-27,ORD_00103067
192,2023-01-27,ORD_00103324
193,2023-01-27,ORD_00100240
194,2023-01-27,ORD_00103072
195,2023-01-27,ORD_00102150
196,2023-01-28,ORD_00104602
197,2023-01-28,ORD_00103108
198,2023-01-28,ORD_00104335
199,2023-01-28,ORD_00104241
200,2023-01-28,ORD_00103683
201,2023-01-28,ORD_00100485
202,2023-01-28,ORD_00104684
203,2023-01-28,ORD_00102310
204,2023-01-28,ORD_00102051
205,2023-01-29,ORD_00101884
206,2023-01-29,ORD_00102813
207,2023-01-29,ORD_00104599
208,2023-01-29,ORD_00102182
209,2023-01-29,ORD_00103889
210,2023-01-30,ORD_00102202
211,2023-01-30,ORD_00100127
212,2023-01-30,ORD_00104643
213,2023-01-30,ORD_00102267
214,2023-01-30,ORD_00100909
215,2023-01-31,ORD_00100569
216,2023-01-31,ORD_00103063
217,2023-01-31,ORD_00103348
218,2023-01-31,ORD_00104324
219,2023-01-31,ORD_00101592
220,2023-01-31,ORD_00101301
221,2023-01-31,ORD_00101003
222,2023-01-31,ORD_00100002
223,2023-01-31,ORD_00104501
224,2023-01-31,ORD_00103160
225,2023-02-01,ORD_00103934
226,2023-02-01,ORD_00104576
227,2023-02-01,ORD_00104394
228,2023-02-01,ORD_00102368
229,2023-02-01,ORD_00103147
230,2023-02-01,ORD_00103064
231,2023-02-01,ORD_00102265
232,2023-02-02,ORD_00100418
233,2023-02-02,ORD_00104346
234,2023-02-02,ORD_00100951
235,2023-02-02,ORD_00102780
236,2023-02-03,ORD_00103462
237,2023-02-03,ORD_00102152
238,2023-02-03,ORD_00101942
239,2023-02-03,ORD_00104438
240,2023-02-03,ORD_00100627
241,2023-02-04,ORD_00103771
242,2023-02-04,ORD_00101731
243,2023-02-04,ORD_00101972
244,2023-02-04,ORD_00101539
245,2023-02-04,ORD_00104388
246,2023-02-04,ORD_00102292
247,2023-02-05,ORD_00100605
248,2023-02-05,ORD_00104507
249,2023-02-05,ORD_00100651
250,2023-02-05,ORD_00102315
251,2023-02-05,ORD_00100966
252,2023-02-05,ORD_00102785
253,2023-02-05,ORD_00103681
254,2023-02-06,ORD_00100067
255,2023-02-06,ORD_00102121
256,2023-02-06,ORD_00103243
257,2023-02-06,ORD_00101783
258,2023-02-07,ORD_00102864
259,2023-02-07,ORD_00102137
260,2023-02-07,ORD_00104971
261,2023-02-07,ORD_00101927
262,2023-02-08,ORD_00100283
263,2023-02-08,ORD_00102521
264,2023-02-08,ORD_00103237
265,2023-02-08,ORD_00101620
266,2023-02-08,ORD_00104943
267,2023-02-08,ORD_00101156
268,2023-02-08,ORD_00100209
269,2023-02-08,ORD_00100617
270,2023-02-09,ORD_00100078
271,2023-02-09,ORD_00104742
272,2023-02-09,ORD_00103337
273,2023-02-09,ORD_00101913
274,2023-02-09,ORD_00101803
275,2023-02-09,ORD_00100295
276,2023-02-09,ORD_00100840
277,2023-02-10,ORD_00104489
278,2023-02-10,ORD_00102450
279,2023-02-10,ORD_00102804
280,2023-02-10,ORD_00104955
281,2023-02-10,ORD_00104513
282,2023-02-10,ORD_00102520
283,2023-02-10,ORD_00101163
284,2023-02-10,ORD_00103105
285,2023-02-10,ORD_00100559
286,2023-02-10,ORD_00104057
287,2023-02-10,ORD_00101896
288,2023-02-10,ORD_00103892
289,2023-02-10,ORD_00100774
290,2023-02-10,ORD_00102374
291,2023-02-10,ORD_00100722
292,2023-02-10,ORD_00100781
293,2023-02-11,ORD_00102923
294,2023-02-11,ORD_00102990
295,2023-02-11,ORD_00100361
296,2023-02-11,ORD_00101407
297,2023-02-11,ORD_00102538
298,2023-02-12,ORD_00102839
299,2023-02-12,ORD_00104910
300,2023-02-12,ORD_00104289
301,2023-02-12,ORD_00102177
302,2023-02-12,ORD_00100068
303,2023-02-12,ORD_00100120
304,2023-02-12,ORD_00100342
305,2023-02-12,ORD_00101578
306,2023-02-13,ORD_00101278
307,2023-02-13,ORD_00103839
308,2023-02-13,ORD_00100936
309,2023-02-13,ORD_00104365
310,2023-02-13,ORD_00102070
311,2023-02-13,ORD_00102877
312,2023-02-13,ORD_00104345
313,2023-02-14,ORD_00101397
314,2023-02-14,ORD_00103386
315,2023-02-14,ORD_00104458
316,2023-02-14,ORD_00104994
317,2023-02-14,ORD_00101818
318,2023-02-14,ORD_00103832
319,2023-02-14,ORD_00103758
320,2023-02-14,ORD_00100994
321,2023-02-14,ORD_00101854
322,2023-02-14,ORD_00103565
323,2023-02-15,ORD_00103336
324,2023-02-15,ORD_00101548
325,2023-02-15,ORD_00101887
326,2023-02-15,ORD_00103036
327,2023-02-15,ORD_00103059
328,2023-02-16,ORD_00104564
329,2023-02-16,ORD_00103575
330,2023-02-16,ORD_00102111
331,2023-02-16,ORD_00100410
332,2023-02-16,ORD_00101828
333,2023-02-16,ORD_00101822
334,2023-02-16,ORD_00104676
335,2023-02-16,ORD_00102463
336,2023-02-17,ORD_00104607
337,2023-02-18,ORD_00104419
338,2023-02-18,ORD_00103779
339,2023-02-18,ORD_00100892
340,2023-02-18,ORD_00101531
341,2023-02-18,ORD_00102494
342,2023-02-19,ORD_00101629
343,2023-02-19,ORD_00102586
344,2023-02-19,ORD_00103670
345,2023-02-19,ORD_00103449
346,2023-02-19,ORD_00101481
347,2023-02-19,ORD_00101265
348,2023-02-19,ORD_00103568
349,2023-02-19,ORD_00102324
350,2023-02-20,ORD_00103364
351,2023-02-20,ORD_00101040
352,2023-02-20,ORD_00102938
353,2023-02-20,ORD_00104966
354,2023-02-20,ORD_00100674
355,2023-02-21,ORD_00103941
356,2023-02-21,ORD_00100354
357,2023-02-21,ORD_00100110
358,2023-02-21,ORD_00102040
359,2023-02-22,ORD_00101945
360,2023-02-22,ORD_00103369
361,2023-02-22,ORD_00102630
362,2023-02-22,ORD_00100432
363,2023-02-22,ORD_00102155
364,2023-02-22,ORD_00104672
365,2023-02-23,ORD_00102714
366,2023-02-23,ORD_00101133
367,2023-02-23,ORD_00102991
368,2023-02-23,ORD_00104466
369,2023-02-23,ORD_00103947
370,2023-02-23,ORD_00100541
371,2023-02-23,ORD_00104342
372,2023-02-23,ORD_00102725
373,2023-02-23,ORD_00103127
374,2023-02-23,ORD_00104656
375,2023-02-24,ORD_00100995
376,2023-02-24,ORD_00103611
377,2023-02-24,ORD_00103055
378,2023-02-24,ORD_00103447
379,2023-02-24,ORD_00101105
380,2023-02-24,ORD_00104681
381,2023-02-24,ORD_00102039
382,2023-02-25,ORD_00101724
383,2023-02-25,ORD_00100768
384,2023-02-25,ORD_00100742
385,2023-02-25,ORD_00100139
386,2023-02-25,ORD_00101221
387,2023-02-25,ORD_00101919
388,2023-02-26,ORD_00104393
389,2023-02-26,ORD_00103927
390,2023-02-26,ORD_00102981
391,2023-02-26,ORD_00104090
392,2023-02-26,ORD_00100250
393,2023-02-27,ORD_00104024
394,2023-02-27,ORD_00103630
395,2023-02-27,ORD_00104586
396,2023-02-27,ORD_00100928
397,2023-02-27,ORD_00103919
398,2023-02-27,ORD_00101248
399,2023-02-27,ORD_00104232
400,2023-02-27,ORD_00101061
401,2023-02-28,ORD_00104255
402,2023-02-28,ORD_00104499
403,2023-02-28,ORD_00100049
404,2023-02-28,ORD_00102112
405,2023-03-01,ORD_00103419
406,2023-03-01,ORD_00100048
407,2023-03-01,ORD_00104079
408,2023-03-01,ORD_00102616
409,2023-03-01,ORD_00100669
410,2023-03-01,ORD_00103838
411,2023-03-01,ORD_00104532
412,2023-03-02,ORD_00100620
413,2023-03-02,ORD_00103614
414,2023-03-02,ORD_00101718
415,2023-03-02,ORD_00104776
416,2023-03-02,ORD_00100528
417,2023-03-02,ORD_00104050
418,2023-03-03,ORD_00101867
419,2023-03-03,ORD_00102676
420,2023-03-03,ORD_00101999
421,2023-03-04,ORD_00102203
422,2023-03-04,ORD_00102056
423,2023-03-04,ORD_00103012
424,2023-03-04,ORD_00102465
425,2023-03-05,ORD_00101540
426,2023-03-05,ORD_00100270
427,2023-03-05,ORD_00102081
428,2023-03-05,ORD_00103852
429,2023-03-05,ORD_00100405
430,2023-03-06,ORD_00101174
431,2023-03-06,ORD_00100308
432,2023-03-06,ORD_00103483
433,2023-03-06,ORD_00100299
434,2023-03-06,ORD_00103710
435,2023-03-06,ORD_00104296
436,2023-03-06,ORD_00102970
437,2023-03-07,ORD_00101341
438,2023-03-07,ORD_00101173
439,2023-03-07,ORD_00103655
440,2023-03-07,ORD_00103572
441,2023-03-07,ORD_00102552
442,2023-03-07,ORD_00104662
443,2023-03-07,ORD_00104880
444,2023-03-08,ORD_00101296
445,2023-03-08,ORD_00104764
446,2023-03-08,ORD_00101706
447,2023-03-08,ORD_00103409
448,2023-03-09,ORD_00102817
449,2023-03-09,ORD_00104624
450,2023-03-09,ORD_00104013
451,2023-03-09,ORD_00101280
452,2023-03-09,ORD_00101636
453,2023-03-09,ORD_00100274
454,2023-03-09,ORD_00101541
455,2023-03-09,ORD_00103616
456,2023-03-10,ORD_00103609
457,2023-03-10,ORD_00102702
458,2023-03-10,ORD_00102799
459,2023-03-10,ORD_00102803
460,2023-03-10,ORD_00101859
461,2023-03-10,ORD_00104843
462,2023-03-10,ORD_00102600
463,2023-03-10,ORD_00101637
464,2023-03-10,ORD_00104969
465,2023-03-10,ORD_00104269
466,2023-03-11,ORD_00104533
467,2023-03-11,ORD_00100446
468,2023-03-11,ORD_00102078
469,2023-03-12,ORD_00101604
470,2023-03-12,ORD_00104631
471,2023-03-12,ORD_00100547
472,2023-03-12,ORD_00103543
473,2023-03-12,ORD_00104556
474,2023-03-12,ORD_00104035
475,2023-03-12,ORD_00104075
476,2023-03-13,ORD_00102721
477,2023-03-13,ORD_00102612
478,2023-03-13,ORD_00101985
479,2023-03-13,ORD_00104325
480,2023-03-13,ORD_00104991
481,2023-03-13,ORD_00100172
482,2023-03-14,ORD_00104157
483,2023-03-14,ORD_00101901
484,2023-03-14,ORD_00100035
485,2023-03-14,ORD_00103541
486,2023-03-14,ORD_00101399
487,2023-03-14,ORD_00103718
488,2023-03-14,ORD_00100556
489,2023-03-15,ORD_00104547
490,2023-03-15,ORD_00103061
491,2023-03-15,ORD_00103713
492,2023-03-15,ORD_00103826
493,2023-03-15,ORD_00102147
494,2023-03-15,ORD_00104412
495,2023-03-15,ORD_00103005
496,2023-03-15,ORD_00101583
497,2023-03-16,ORD_00103202
498,2023-03-16,ORD_00100558
499,2023-03-16,ORD_00103031
500,2023-03-16,ORD_00100867
501,2023-03-16,ORD_00104989
502,2023-03-16,ORD_00101377
503,2023-03-16,ORD_00100433
504,2023-03-16,ORD_00103256
505,2023-03-17,ORD_00100226
506,2023-03-17,ORD_00100488
507,2023-03-17,ORD_00100266
508,2023-03-17,ORD_00102170
509,2023-03-17,ORD_00101195
510,2023-03-18,ORD_00103235
511,2023-03-18,ORD_00101897
512,2023-03-18,ORD_00102661
513,2023-03-18,ORD_00100445
514,2023-03-18,ORD_00100588
515,2023-03-18,ORD_00102983
516,2023-03-18,ORD_00104763
517,2023-03-19,ORD_00104759
518,2023-03-19,ORD_00104690
519,2023-03-19,ORD_00103281
520,2023-03-19,ORD_00100873
521,2023-03-19,ORD_00102440
522,2023-03-19,ORD_00104504
523,2023-03-19,ORD_00104237
524,2023-03-19,ORD_00104685
525,2023-03-20,ORD_00103070
526,2023-03-20,ORD_00102792
527,2023-03-20,ORD_00101411
528,2023-03-20,ORD_00101273
529,2023-03-20,ORD_00103834
530,2023-03-20,ORD_00101853
531,2023-03-20,ORD_00103990
532,2023-03-20,ORD_00100461
533,2023-03-21,ORD_00102312
534,2023-03-21,ORD_00102743
535,2023-03-21,ORD_00104893
536,2023-03-21,ORD_00100282
537,2023-03-21,ORD_00102153
538,2023-03-21,ORD_00102145
539,2023-03-22,ORD_00100029
540,2023-03-22,ORD_00102092
541,2023-03-22,ORD_00102710
542,2023-03-22,ORD_00100898
543,2023-03-22,ORD_00100008
544,2023-03-22,ORD_00101084
545,2023-03-22,ORD_00103440
546,2023-03-22,ORD_00103740
547,2023-03-22,ORD_00104434
548,2023-03-22,ORD_00102348
549,2023-03-22,ORD_00104019
550,2023-03-23,ORD_00102396
551,2023-03-23,ORD_00101409
552,2023-03-24,ORD_00101162
553,2023-03-24,ORD_00100156
554,2023-03-24,ORD_00104126
555,2023-03-25,ORD_00102913
556,2023-03-25,ORD_00103065
557,2023-03-25,ORD_00100276
558,2023-03-25,ORD_00102994
559,2023-03-25,ORD_00102701
560,2023-03-25,ORD_00103960
561,2023-03-26,ORD_00102924
562,2023-03-26,ORD_00101622
563,2023-03-26,ORD_00104072
564,2023-03-26,ORD_00104039
565,2023-03-26,ORD_00102919
566,2023-03-26,ORD_00102491
567,2023-03-26,ORD_00100456
568,2023-03-27,ORD_00100845
569,2023-03-27,ORD_00103372
570,2023-03-27,ORD_00103374
571,2023-03-27,ORD_00102403
572,2023-03-27,ORD_00101246
573,2023-03-27,ORD_00100109
574,2023-03-27,ORD_00104101
575,2023-03-27,ORD_00103935
576,2023-03-28,ORD_00103342
577,2023-03-28,ORD_00101577
578,2023-03-28,ORD_00104831
579,2023-03-28,ORD_00101786
580,2023-03-28,ORD_00101130
581,2023-03-28,ORD_00101493
582,2023-03-28,ORD_00102216
583,2023-03-28,ORD_00100474
584,2023-03-29,ORD_00100648
585,2023-03-29,ORD_00104983
586,2023-03-29,ORD_00102047
587,2023-03-29,ORD_00100989
588,2023-03-29,ORD_00102647
589,2023-03-29,ORD_00101375
590,2023-03-30,ORD_00102278
591,2023-03-30,ORD_00103199
592,2023-03-30,ORD_00101424
593,2023-03-31,ORD_00101049
594,2023-03-31,ORD_00101935
595,2023-03-31,ORD_00101744
596,2023-03-31,ORD_00100655
597,2023-03-31,ORD_00102662
598,2023-04-01,ORD_00103387
599,2023-04-01,ORD_00104052
600,2023-04-01,ORD_00101254
601,2023-04-01,ORD_00103591
602,2023-04-02,ORD_00101180
603,2023-04-02,ORD_00103140
604,2023-04-02,ORD_00103370
605,2023-04-02,ORD_00101486
606,2023-04-02,ORD_00100545
607,2023-04-02,ORD_00102585
608,2023-04-03,ORD_00103982
609,2023-04-03,ORD_00100864
610,2023-04-03,ORD_00101344
611,2023-04-03,ORD_00104581
612,2023-04-03,ORD_00102304
613,2023-04-03,ORD_00104822
614,2023-04-03,ORD_00101771
615,2023-04-03,ORD_00104566
616,2023-04-03,ORD_00101705
617,2023-04-03,ORD_00101282
618,2023-04-03,ORD_00103527
619,2023-04-04,ORD_00103599
620,2023-04-04,ORD_00100645
621,2023-04-04,ORD_00101630
622,2023-04-04,ORD_00103382
623,2023-04-04,ORD_00103053
624,2023-04-04,ORD_00100233
625,2023-04-04,ORD_00100243
626,2023-04-04,ORD_00100160
627,2023-04-04,ORD_00103920
628,2023-04-04,ORD_00101804
629,2023-04-04,ORD_00104298
630,2023-04-04,ORD_00103792
631,2023-04-05,ORD_00102472
632,2023-04-05,ORD_00103668
633,2023-04-05,ORD_00100971
634,2023-04-05,ORD_00101879
635,2023-04-05,ORD_00102720
636,2023-04-06,ORD_00102534
637,2023-04-06,ORD_00101949
638,2023-04-06,ORD_00101838
639,2023-04-06,ORD_00100540
640,2023-04-06,ORD_00104906
641,2023-04-06,ORD_00101045
642,2023-04-06,ORD_00100044
643,2023-04-06,ORD_00100473
644,2023-04-06,ORD_00101956
645,2023-04-06,ORD_00103035
646,2023-04-06,ORD_00104160
647,2023-04-07,ORD_00103877
648,2023-04-07,ORD_00101412
649,2023-04-07,ORD_00102330
650,2023-04-07,ORD_00102024
651,2023-04-07,ORD_00104008
652,2023-04-08,ORD_00101538
653,2023-04-08,ORD_00101326
654,2023-04-08,ORD_00100457
655,2023-04-08,ORD_00104417
656,2023-04-08,ORD_00100905
657,2023-04-08,ORD_00104671
658,2023-04-08,ORD_00102847
659,2023-04-08,ORD_00102226
660,2023-04-08,ORD_00100723
661,2023-04-09,ORD_00102928
662,2023-04-09,ORD_00100950
663,2023-04-09,ORD_00103624
664,2023-04-10,ORD_00100350
665,2023-04-10,ORD_00102354
666,2023-04-10,ORD_00100643
667,2023-04-10,ORD_00101811
668,2023-04-10,ORD_00101085
669,2023-04-10,ORD_00100744
670,2023-04-10,ORD_00103831
671,2023-04-11,ORD_00100464
672,2023-04-11,ORD_00100844
673,2023-04-11,ORD_00100438
674,2023-04-12,ORD_00101947
675,2023-04-12,ORD_00102578
676,2023-04-12,ORD_00104128
677,2023-04-12,ORD_00100294
678,2023-04-12,ORD_00102589
679,2023-04-12,ORD_00104016
680,2023-04-13,ORD_00104611
681,2023-04-13,ORD_00104287
682,2023-04-13,ORD_00104014
683,2023-04-13,ORD_00103126
684,2023-04-13,ORD_00100550
685,2023-04-13,ORD_00104245
686,2023-04-13,ORD_00104600
687,2023-04-13,ORD_00100658
688,2023-04-13,ORD_00103756
689,2023-04-13,ORD_00101624
690,2023-04-13,ORD_00100179
691,2023-04-13,ORD_00104544
692,2023-04-13,ORD_00100888
693,2023-04-14,ORD_00101957
694,2023-04-14,ORD_00103641
695,2023-04-14,ORD_00104102
696,2023-04-14,ORD_00102795
697,2023-04-15,ORD_00103900
698,2023-04-15,ORD_00104998
699,2023-04-15,ORD_00100119
700,2023-04-15,ORD_00101638
701,2023-04-15,ORD_00100521
702,2023-04-15,ORD_00102249
703,2023-04-16,ORD_00100140
704,2023-04-16,ORD_00100822
705,2023-04-16,ORD_00100572
706,2023-04-16,ORD_00103226
707,2023-04-17,ORD_00101936
708,2023-04-17,ORD_00104740
709,2023-04-17,ORD_00102615
710,2023-04-17,ORD_00102516
711,2023-04-17,ORD_00100584
712,2023-04-17,ORD_00100961
713,2023-04-17,ORD_00104197
714,2023-04-17,ORD_00100728
715,2023-04-17,ORD_00100752
716,2023-04-18,ORD_00101556
717,2023-04-18,ORD_00101761
718,2023-04-18,ORD_00102080
719,2023-04-18,ORD_00104125
720,2023-04-19,ORD_00101834
721,2023-04-19,ORD_00102002
722,2023-04-19,ORD_00101081
723,2023-04-19,ORD_00101395
724,2023-04-19,ORD_00104136
725,2023-04-19,ORD_00102316
726,2023-04-19,ORD_00100960
727,2023-04-19,ORD_00101845
728,2023-04-19,ORD_00100122
729,2023-04-19,ORD_00103335
730,2023-04-19,ORD_00104046
731,2023-04-20,ORD_00100939
732,2023-04-20,ORD_00102992
733,2023-04-20,ORD_00103007
734,2023-04-20,ORD_00101164
735,2023-04-20,ORD_00100093
736,2023-04-20,ORD_00100877
737,2023-04-20,ORD_00100451
738,2023-04-20,ORD_00104155
739,2023-04-20,ORD_00103554
740,2023-04-20,ORD_00102005
741,2023-04-20,ORD_00103763
742,2023-04-20,ORD_00104194
743,2023-04-21,ORD_00103783
744,2023-04-21,ORD_00102518
745,2023-04-21,ORD_00101300
746,2023-04-21,ORD_00100206
747,2023-04-21,ORD_00100117
748,2023-04-21,ORD_00104021
749,2023-04-22,ORD_00103177
750,2023-04-22,ORD_00100041
751,2023-04-22,ORD_00102413
752,2023-04-22,ORD_00101910
753,2023-04-22,ORD_00103128
754,2023-04-22,ORD_00101883
755,2023-04-22,ORD_00101677
756,2023-04-22,ORD_00102129
757,2023-04-22,ORD_00101598
758,2023-04-22,ORD_00104031
759,2023-04-23,ORD_00104353
760,2023-04-23,ORD_00100020
761,2023-04-23,ORD_00101682
762,2023-04-24,ORD_00101465
763,2023-04-24,ORD_00104773
764,2023-04-24,ORD_00101147
765,2023-04-24,ORD_00104111
766,2023-04-24,ORD_00103418
767,2023-04-24,ORD_00100621
768,2023-04-24,ORD_00101791
769,2023-04-24,ORD_00101992
770,2023-04-25,ORD_00103109
771,2023-04-25,ORD_00103931
772,2023-04-25,ORD_00102376
773,2023-04-25,ORD_00104001
774,2023-04-25,ORD_00102767
775,2023-04-25,ORD_00104457
776,2023-04-25,ORD_00102405
777,2023-04-26,ORD_00103054
778,2023-04-26,ORD_00103006
779,2023-04-26,ORD_00100985
780,2023-04-26,ORD_00101117
781,2023-04-26,ORD_00103179
782,2023-04-26,ORD_00101780
783,2023-04-26,ORD_00104334
784,2023-04-26,ORD_00100519
785,2023-04-26,ORD_00100727
786,2023-04-26,ORD_00103660
787,2023-04-26,ORD_00102199
788,2023-04-26,ORD_00103401
789,2023-04-26,ORD_00100657
790,2023-04-27,ORD_00100716
791,2023-04-27,ORD_00104942
792,2023-04-27,ORD_00101057
793,2023-04-27,ORD_00101932
794,2023-04-27,ORD_00102122
795,2023-04-27,ORD_00104618
796,2023-04-27,ORD_00100222
797,2023-04-27,ORD_00100248
798,2023-04-27,ORD_00102643
799,2023-04-28,ORD_00103484
800,2023-04-28,ORD_00104089
801,2023-04-28,ORD_00102013
802,2023-04-28,ORD_00104636
803,2023-04-28,ORD_00103002
804,2023-04-28,ORD_00100780
805,2023-04-28,ORD_00104344
806,2023-04-29,ORD_00104750
807,2023-04-29,ORD_00100163
808,2023-04-29,ORD_00100497
809,2023-04-29,ORD_00101072
810,2023-04-29,ORD_00104926
811,2023-04-29,ORD_00101701
812,2023-04-29,ORD_00102882
813,2023-04-29,ORD_00103996
814,2023-04-29,ORD_00102200
815,2023-04-30,ORD_00102336
816,2023-04-30,ORD_00101243
817,2023-04-30,ORD_00104645
818,2023-04-30,ORD_00101425
819,2023-04-30,ORD_00102575
820,2023-05-01,ORD_00102254
821,2023-05-01,ORD_00104322
822,2023-05-01,ORD_00103511
823,2023-05-01,ORD_00102276
824,2023-05-02,ORD_00103570
825,2023-05-02,ORD_00103321
826,2023-05-02,ORD_00102179
827,2023-05-02,ORD_00101478
828,2023-05-02,ORD_00101793
829,2023-05-03,ORD_00104539
830,2023-05-03,ORD_00104033
831,2023-05-03,ORD_00102560
832,2023-05-03,ORD_00102392
833,2023-05-03,ORD_00103111
834,2023-05-03,ORD_00100566
835,2023-05-04,ORD_00101402
836,2023-05-04,ORD_00103377
837,2023-05-04,ORD_00102801
838,2023-05-04,ORD_00104933
839,2023-05-04,ORD_00102572
840,2023-05-04,ORD_00101343
841,2023-05-04,ORD_00102457
842,2023-05-04,ORD_00101815
843,2023-05-04,ORD_00100652
844,2023-05-05,ORD_00101962
845,2023-05-05,ORD_00104778
846,2023-05-05,ORD_00103181
847,2023-05-05,ORD_00103974
848,2023-05-05,ORD_00103244
849,2023-05-05,ORD_00104382
850,2023-05-05,ORD_00101616
851,2023-05-05,ORD_00101160
852,2023-05-05,ORD_00103972
853,2023-05-05,ORD_00100598
854,2023-05-06,ORD_00103081
855,2023-05-06,ORD_00100602
856,2023-05-06,ORD_00103976
857,2023-05-06,ORD_00101297
858,2023-05-06,ORD_00100215
859,2023-05-06,ORD_00104634
860,2023-05-06,ORD_00103075
861,2023-05-07,ORD_00102453
862,2023-05-07,ORD_00100749
863,2023-05-07,ORD_00101390
864,2023-05-07,ORD_00101466
865,2023-05-07,ORD_00104478
866,2023-05-07,ORD_00101031
867,2023-05-07,ORD_00101848
868,2023-05-08,ORD_00100337
869,2023-05-08,ORD_00101519
870,2023-05-09,ORD_00104977
871,2023-05-09,ORD_00103973
872,2023-05-09,ORD_00101926
873,2023-05-09,ORD_00101653
874,2023-05-09,ORD_00101738
875,2023-05-09,ORD_00100030
876,2023-05-10,ORD_00100653
877,2023-05-10,ORD_00101236
878,2023-05-10,ORD_00103328
879,2023-05-10,ORD_00101570
880,2023-05-10,ORD_00102489
881,2023-05-10,ORD_00102881
882,2023-05-10,ORD_00101462
883,2023-05-11,ORD_00102840
884,2023-05-11,ORD_00103618
885,2023-05-11,ORD_00104091
886,2023-05-11,ORD_00100108
887,2023-05-11,ORD_00104708
888,2023-05-11,ORD_00104788
889,2023-05-12,ORD_00104503
890,2023-05-12,ORD_00100804
891,2023-05-12,ORD_00101525
892,2023-05-12,ORD_00100359
893,2023-05-12,ORD_00104531
894,2023-05-13,ORD_00101476
895,2023-05-13,ORD_00102208
896,2023-05-13,ORD_00101398
897,2023-05-13,ORD_00103309
898,2023-05-13,ORD_00104373
899,2023-05-13,ORD_00100333
900,2023-05-13,ORD_00101051
901,2023-05-14,ORD_00100619
902,2023-05-14,ORD_00103621
903,2023-05-14,ORD_00100234
904,2023-05-14,ORD_00104053
905,2023-05-14,ORD_00104191
906,2023-05-14,ORD_00101146
907,2023-05-14,ORD_00102301
908,2023-05-15,ORD_00100055
909,2023-05-15,ORD_00102268
910,2023-05-15,ORD_00104305
911,2023-05-15,ORD_00101795
912,2023-05-15,ORD_00100220
913,2023-05-16,ORD_00103004
914,2023-05-16,ORD_00100408
915,2023-05-16,ORD_00104364
916,2023-05-16,ORD_00104429
917,2023-05-16,ORD_00100471
918,2023-05-16,ORD_00104445
919,2023-05-16,ORD_00102400
920,2023-05-16,ORD_00102658
921,2023-05-16,ORD_00103180
922,2023-05-16,ORD_00100543
923,2023-05-16,ORD_00101382
924,2023-05-17,ORD_00102536
925,2023-05-17,ORD_00103017
926,2023-05-17,ORD_00102308
927,2023-05-17,ORD_00100414
928,2023-05-18,ORD_00100809
929,2023-05-18,ORD_00104877
930,2023-05-18,ORD_00100941
931,2023-05-18,ORD_00103439
932,2023-05-18,ORD_00103995
933,2023-05-18,ORD_00103292
934,2023-05-18,ORD_00101110
935,2023-05-18,ORD_00104669
936,2023-05-18,ORD_00101015
937,2023-05-19,ORD_00100210
938,2023-05-19,ORD_00104314
939,2023-05-19,ORD_00104777
940,2023-05-19,ORD_00101008
941,2023-05-20,ORD_00102498
942,2023-05-20,ORD_00101197
943,2023-05-20,ORD_00101289
944,2023-05-20,ORD_00104002
945,2023-05-20,ORD_00103254
946,2023-05-20,ORD_00104837
947,2023-05-20,ORD_00104178
948,2023-05-21,ORD_00100382
949,2023-05-21,ORD_00102807
950,2023-05-21,ORD_00101725
951,2023-05-21,ORD_00103918
952,2023-05-21,ORD_00102253
953,2023-05-21,ORD_00104460
954,2023-05-21,ORD_00100696
955,2023-05-21,ORD_00101645
956,2023-05-21,ORD_00100546
957,2023-05-22,ORD_00102108
958,2023-05-22,ORD_00104938
959,2023-05-22,ORD_00103291
960,2023-05-22,ORD_00103150
961,2023-05-22,ORD_00103515
962,2023-05-22,ORD_00104683
963,2023-05-22,ORD_00101211
964,2023-05-22,ORD_00101449
965,2023-05-23,ORD_00101692
966,2023-05-23,ORD_00101274
967,2023-05-23,ORD_00104080
968,2023-05-23,ORD_00104647
969,2023-05-24,ORD_00101790
970,2023-05-24,ORD_00103925
971,2023-05-24,ORD_00103316
972,2023-05-24,ORD_00102838
973,2023-05-24,ORD_00100746
974,2023-05-24,ORD_00102381
975,2023-05-24,ORD_00101511
976,2023-05-24,ORD_00100422
977,2023-05-24,ORD_00102719
978,2023-05-25,ORD_00102181
979,2023-05-25,ORD_00102302
980,2023-05-25,ORD_00102227
981,2023-05-25,ORD_00104687
982,2023-05-25,ORD_00102576
983,2023-05-25,ORD_00101170
984,2023-05-25,ORD_00102691
985,2023-05-25,ORD_00103540
986,2023-05-25,ORD_00104169
987,2023-05-25,ORD_00104074
988,2023-05-25,ORD_00103520
989,2023-05-26,ORD_00103395
990,2023-05-26,ORD_00100153
991,2023-05-26,ORD_00103910
992,2023-05-26,ORD_00102885
993,2023-05-26,ORD_00102377
994,2023-05-26,ORD_00100800
995,2023-05-26,ORD_00103698
996,2023-05-26,ORD_00101917
997,2023-05-27,ORD_00100697
998,2023-05-27,ORD_00102613
999,2023-05-27,ORD_00102252
1000,2023-05-27,ORD_00100017
1001,2023-05-28,ORD_00103812
1002,2023-05-28,ORD_00104487
1003,2023-05-28,ORD_00104179
1004,2023-05-28,ORD_00102855
1005,2023-05-28,ORD_00102898
1006,2023-05-28,ORD_00100180
1007,2023-05-28,ORD_00104038
1008,2023-05-28,ORD_00104274
1009,2023-05-29,ORD_00103514
1010,2023-05-29,ORD_00101196
1011,2023-05-29,ORD_00101041
1012,2023-05-29,ORD_00101860
1013,2023-05-29,ORD_00100762
1014,2023-05-30,ORD_00103454
1015,2023-05-30,ORD_00104891
1016,2023-05-30,ORD_00101715
1017,2023-05-30,ORD_00104929
1018,2023-05-31,ORD_00104387
1019,2023-05-31,ORD_00101550
1020,2023-05-31,ORD_00104873
1021,2023-05-31,ORD_00102333
1022,2023-06-01,ORD_00100370
1023,2023-06-01,ORD_00103341
1024,2023-06-01,ORD_00102273
1025,2023-06-01,ORD_00102068
1026,2023-06-01,ORD_00100980
1027,2023-06-01,ORD_00102163
1028,2023-06-01,ORD_00101233
1029,2023-06-01,ORD_00102028
1030,2023-06-01,ORD_00103069
1031,2023-06-01,ORD_00103643
1032,2023-06-02,ORD_00103023
1033,2023-06-02,ORD_00101169
1034,2023-06-02,ORD_00101588
1035,2023-06-02,ORD_00100734
1036,2023-06-02,ORD_00104667
1037,2023-06-02,ORD_00100174
1038,2023-06-02,ORD_00102934
1039,2023-06-03,ORD_00103201
1040,2023-06-03,ORD_00103263
1041,2023-06-03,ORD_00103242
1042,2023-06-03,ORD_00103719
1043,2023-06-03,ORD_00103317
1044,2023-06-03,ORD_00104422
1045,2023-06-04,ORD_00101128
1046,2023-06-04,ORD_00102229
1047,2023-06-04,ORD_00102446
1048,2023-06-04,ORD_00103875
1049,2023-06-04,ORD_00102008
1050,2023-06-04,ORD_00102686
1051,2023-06-04,ORD_00102634
1052,2023-06-05,ORD_00102193
1053,2023-06-05,ORD_00102346
1054,2023-06-05,ORD_00102496
1055,2023-06-05,ORD_00101452
1056,2023-06-05,ORD_00100143
1057,2023-06-05,ORD_00103306
1058,2023-06-05,ORD_00104883
1059,2023-06-05,ORD_00101012
1060,2023-06-06,ORD_00103675
1061,2023-06-06,ORD_00103632
1062,2023-06-06,ORD_00101950
1063,2023-06-06,ORD_00101303
1064,2023-06-06,ORD_00102982
1065,2023-06-06,ORD_00100402
1066,2023-06-06,ORD_00100978
1067,2023-06-06,ORD_00100441
1068,2023-06-07,ORD_00103700
1069,2023-06-07,ORD_00104548
1070,2023-06-07,ORD_00103848
1071,2023-06-07,ORD_00100284
1072,2023-06-07,ORD_00103823
1073,2023-06-07,ORD_00104248
1074,2023-06-07,ORD_00101497
1075,2023-06-07,ORD_00104709
1076,2023-06-08,ORD_00104166
1077,2023-06-08,ORD_00102384
1078,2023-06-08,ORD_00100969
1079,2023-06-08,ORD_00103085
1080,2023-06-08,ORD_00103146
1081,2023-06-09,ORD_00102663
1082,2023-06-09,ORD_00101837
1083,2023-06-09,ORD_00102965
1084,2023-06-09,ORD_00101659
1085,2023-06-09,ORD_00104845
1086,2023-06-09,ORD_00102633
1087,2023-06-10,ORD_00103582
1088,2023-06-10,ORD_00103041
1089,2023-06-10,ORD_00103090
1090,2023-06-10,ORD_00104711
1091,2023-06-10,ORD_00102244
1092,2023-06-11,ORD_00100050
1093,2023-06-11,ORD_00100594
1094,2023-06-11,ORD_00104703
1095,2023-06-11,ORD_00101179
1096,2023-06-11,ORD_00100346
1097,2023-06-11,ORD_00102466
1098,2023-06-11,ORD_00100862
1099,2023-06-11,ORD_00104659
1100,2023-06-12,ORD_00104693
1101,2023-06-12,ORD_00102293
1102,2023-06-12,ORD_00102642
1103,2023-06-12,ORD_00103730
1104,2023-06-12,ORD_00103045
1105,2023-06-12,ORD_00103987
1106,2023-06-12,ORD_00104575
1107,2023-06-13,ORD_00102745
1108,2023-06-13,ORD_00104347
1109,2023-06-13,ORD_00100351
1110,2023-06-13,ORD_00100005
1111,2023-06-14,ORD_00101959
1112,2023-06-14,ORD_00103173
1113,2023-06-14,ORD_00100855
1114,2023-06-14,ORD_00100636
1115,2023-06-14,ORD_00102149
1116,2023-06-14,ORD_00101283
1117,2023-06-14,ORD_00100291
1118,2023-06-14,ORD_00101703
1119,2023-06-14,ORD_00100161
1120,2023-06-15,ORD_00102483
1121,2023-06-15,ORD_00101900
1122,2023-06-15,ORD_00104637
1123,2023-06-15,ORD_00100065
1124,2023-06-15,ORD_00101235
1125,2023-06-16,ORD_00103944
1126,2023-06-16,ORD_00100011
1127,2023-06-16,ORD_00101034
1128,2023-06-16,ORD_00101263
1129,2023-06-16,ORD_00101401
1130,2023-06-16,ORD_00104265
1131,2023-06-16,ORD_00100393
1132,2023-06-16,ORD_00103612
1133,2023-06-16,ORD_00102672
1134,2023-06-17,ORD_00102641
1135,2023-06-17,ORD_00101756
1136,2023-06-18,ORD_00101920
1137,2023-06-18,ORD_00101655
1138,2023-06-18,ORD_00104865
1139,2023-06-18,ORD_00104454
1140,2023-06-18,ORD_00101178
1141,2023-06-18,ORD_00102811
1142,2023-06-18,ORD_00100406
1143,2023-06-18,ORD_00102241
1144,2023-06-19,ORD_00103368
1145,2023-06-19,ORD_00101772
1146,2023-06-19,ORD_00102848
1147,2023-06-20,ORD_00104954
1148,2023-06-20,ORD_00103890
1149,2023-06-20,ORD_00102019
1150,2023-06-20,ORD_00102234
1151,2023-06-20,ORD_00102351
1152,2023-06-20,ORD_00100568
1153,2023-06-20,ORD_00102495
1154,2023-06-21,ORD_00101571
1155,2023-06-21,ORD_00101267
1156,2023-06-21,ORD_00104465
1157,2023-06-21,ORD_00100899
1158,2023-06-21,ORD_00100116
1159,2023-06-21,ORD_00100903
1160,2023-06-22,ORD_00101625
1161,2023-06-22,ORD_00102856
1162,2023-06-22,ORD_00104259
1163,2023-06-22,ORD_00103558
1164,2023-06-22,ORD_00100518
1165,2023-06-22,ORD_00104059
1166,2023-06-22,ORD_00101391
1167,2023-06-23,ORD_00102471
1168,2023-06-23,ORD_00102996
1169,2023-06-23,ORD_00102651
1170,2023-06-23,ORD_00100475
1171,2023-06-23,ORD_00104733
1172,2023-06-23,ORD_00102962
1173,2023-06-23,ORD_00100987
1174,2023-06-24,ORD_00100188
1175,2023-06-24,ORD_00102021
1176,2023-06-24,ORD_00102925
1177,2023-06-24,ORD_00103086
1178,2023-06-24,ORD_00103077
1179,2023-06-24,ORD_00101764
1180,2023-06-24,ORD_00101702
1181,2023-06-24,ORD_00103952
1182,2023-06-24,ORD_00102065
1183,2023-06-25,ORD_00101419
1184,2023-06-25,ORD_00101982
1185,2023-06-25,ORD_00103523
1186,2023-06-25,ORD_00103753
1187,2023-06-25,ORD_00101232
1188,2023-06-25,ORD_00101285
1189,2023-06-25,ORD_00103280
1190,2023-06-25,ORD_00100341
1191,2023-06-25,ORD_00101599
1192,2023-06-26,ORD_00101732
1193,2023-06-26,ORD_00104261
1194,2023-06-26,ORD_00103279
1195,2023-06-26,ORD_00104113
1196,2023-06-26,ORD_00100604
1197,2023-06-27,ORD_00104295
1198,2023-06-27,ORD_00103444
1199,2023-06-27,ORD_00101946
1200,2023-06-27,ORD_00104554
1201,2023-06-28,ORD_00103365
1202,2023-06-28,ORD_00102073
1203,2023-06-28,ORD_00104648
1204,2023-06-28,ORD_00100221
1205,2023-06-28,ORD_00102749
1206,2023-06-29,ORD_00102367
1207,2023-06-29,ORD_00101255
1208,2023-06-29,ORD_00104266
1209,2023-06-29,ORD_00103937
1210,2023-06-29,ORD_00103143
1211,2023-06-29,ORD_00104495
1212,2023-06-29,ORD_00100388
1213,2023-06-29,ORD_00103437
1214,2023-06-29,ORD_00100252
1215,2023-06-29,ORD_00104792
1216,2023-06-29,ORD_00104192
1217,2023-06-29,ORD_00103345
1218,2023-06-29,ORD_00100395
1219,2023-06-30,ORD_00101681
1220,2023-06-30,ORD_00100890
1221,2023-06-30,ORD_00103669
1222,2023-06-30,ORD_00101191
1223,2023-07-01,ORD_00103388
1224,2023-07-01,ORD_00103166
1225,2023-07-01,ORD_00100262
1226,2023-07-01,ORD_00104700
1227,2023-07-01,ORD_00103524
1228,2023-07-01,ORD_00100672
1229,2023-07-01,ORD_00100071
1230,2023-07-01,ORD_00100911
1231,2023-07-02,ORD_00101151
1232,2023-07-02,ORD_00101400
1233,2023-07-02,ORD_00104359
1234,2023-07-03,ORD_00101414
1235,2023-07-03,ORD_00100577
1236,2023-07-03,ORD_00100574
1237,2023-07-03,ORD_00104118
1238,2023-07-03,ORD_00102966
1239,2023-07-03,ORD_00101293
1240,2023-07-03,ORD_00102136
1241,2023-07-03,ORD_00102411
1242,2023-07-04,ORD_00101330
1243,2023-07-04,ORD_00104810
1244,2023-07-04,ORD_00104774
1245,2023-07-04,ORD_00100833
1246,2023-07-04,ORD_00104965
1247,2023-07-04,ORD_00104250
1248,2023-07-04,ORD_00101052
1249,2023-07-04,ORD_00101028
1250,2023-07-05,ORD_00104729
1251,2023-07-05,ORD_00103271
1252,2023-07-05,ORD_00103662
1253,2023-07-05,ORD_00100729
1254,2023-07-05,ORD_00101287
1255,2023-07-05,ORD_00101742
1256,2023-07-05,ORD_00101498
1257,2023-07-05,ORD_00101737
1258,2023-07-05,ORD_00100689
1259,2023-07-06,ORD_00102569
1260,2023-07-06,ORD_00103811
1261,2023-07-06,ORD_00101808
1262,2023-07-06,ORD_00100836
1263,2023-07-06,ORD_00103963
1264,2023-07-07,ORD_00104204
1265,2023-07-07,ORD_00104262
1266,2023-07-07,ORD_00103526
1267,2023-07-07,ORD_00103563
1268,2023-07-07,ORD_00102831
1269,2023-07-08,ORD_00102142
1270,2023-07-08,ORD_00104724
1271,2023-07-08,ORD_00102335
1272,2023-07-08,ORD_00104832
1273,2023-07-08,ORD_00102605
1274,2023-07-08,ORD_00101825
1275,2023-07-08,ORD_00104375
1276,2023-07-08,ORD_00104037
1277,2023-07-08,ORD_00101010
1278,2023-07-08,ORD_00103912
1279,2023-07-08,ORD_00100428
1280,2023-07-09,ORD_00103513
1281,2023-07-09,ORD_00103658
1282,2023-07-09,ORD_00103723
1283,2023-07-09,ORD_00101417
1284,2023-07-09,ORD_00101739
1285,2023-07-09,ORD_00103080
1286,2023-07-10,ORD_00102665
1287,2023-07-10,ORD_00103594
1288,2023-07-10,ORD_00100924
1289,2023-07-10,ORD_00103803
1290,2023-07-10,ORD_00100467
1291,2023-07-10,ORD_00102867
1292,2023-07-10,ORD_00103984
1293,2023-07-10,ORD_00100325
1294,2023-07-11,ORD_00103597
1295,2023-07-11,ORD_00100771
1296,2023-07-11,ORD_00104198
1297,2023-07-11,ORD_00103227
1298,2023-07-11,ORD_00102294
1299,2023-07-11,ORD_00102006
1300,2023-07-11,ORD_00101952
1301,2023-07-11,ORD_00101799
1302,2023-07-11,ORD_00100506
1303,2023-07-12,ORD_00100683
1304,2023-07-12,ORD_00103293
1305,2023-07-12,ORD_00100747
1306,2023-07-12,ORD_00102587
1307,2023-07-12,ORD_00103010
1308,2023-07-12,ORD_00100666
1309,2023-07-12,ORD_00101224
1310,2023-07-12,ORD_00103084
1311,2023-07-12,ORD_00102000
1312,2023-07-12,ORD_00104988
1313,2023-07-12,ORD_00100923
1314,2023-07-13,ORD_00101839
1315,2023-07-13,ORD_00102362
1316,2023-07-13,ORD_00103381
1317,2023-07-13,ORD_00101569
1318,2023-07-13,ORD_00100554
1319,2023-07-14,ORD_00100080
1320,2023-07-14,ORD_00100948
1321,2023-07-14,ORD_00100639
1322,2023-07-14,ORD_00103765
1323,2023-07-14,ORD_00101567
1324,2023-07-14,ORD_00103819
1325,2023-07-14,ORD_00104030
1326,2023-07-14,ORD_00101165
1327,2023-07-15,ORD_00100703
1328,2023-07-15,ORD_00101585
1329,2023-07-15,ORD_00100371
1330,2023-07-16,ORD_00100136
1331,2023-07-16,ORD_00101683
1332,2023-07-16,ORD_00103902
1333,2023-07-16,ORD_00101631
1334,2023-07-16,ORD_00102086
1335,2023-07-16,ORD_00102542
1336,2023-07-16,ORD_00100929
1337,2023-07-17,ORD_00104697
1338,2023-07-17,ORD_00102999
1339,2023-07-17,ORD_00104415
1340,2023-07-17,ORD_00101816
1341,2023-07-17,ORD_00101470
1342,2023-07-17,ORD_00102667
1343,2023-07-18,ORD_00101667
1344,2023-07-18,ORD_00104930
1345,2023-07-18,ORD_00103100
1346,2023-07-18,ORD_00100805
1347,2023-07-18,ORD_00100801
1348,2023-07-18,ORD_00104785
1349,2023-07-18,ORD_00104407
1350,2023-07-18,ORD_00103318
1351,2023-07-18,ORD_00101187
1352,2023-07-18,ORD_00103131
1353,2023-07-18,ORD_00103853
1354,2023-07-18,ORD_00102971
1355,2023-07-18,ORD_00104202
1356,2023-07-19,ORD_00101561
1357,2023-07-19,ORD_00102492
1358,2023-07-19,ORD_00103116
1359,2023-07-19,ORD_00102707
1360,2023-07-19,ORD_00102900
1361,2023-07-19,ORD_00104735
1362,2023-07-19,ORD_00103971
1363,2023-07-19,ORD_00101140
1364,2023-07-20,ORD_00104115
1365,2023-07-20,ORD_00103212
1366,2023-07-20,ORD_00103223
1367,2023-07-20,ORD_00100889
1368,2023-07-20,ORD_00100983
1369,2023-07-20,ORD_00103052
1370,2023-07-20,ORD_00104840
1371,2023-07-20,ORD_00101663
1372,2023-07-20,ORD_00102261
1373,2023-07-20,ORD_00102870
1374,2023-07-20,ORD_00102734
1375,2023-07-20,ORD_00102476
1376,2023-07-21,ORD_00103938
1377,2023-07-21,ORD_00104026
1378,2023-07-21,ORD_00103635
1379,2023-07-21,ORD_00100812
1380,2023-07-21,ORD_00104901
1381,2023-07-22,ORD_00101562
1382,2023-07-22,ORD_00100261
1383,2023-07-22,ORD_00101461
1384,2023-07-22,ORD_00104233
1385,2023-07-22,ORD_00102482
1386,2023-07-23,ORD_00103236
1387,2023-07-23,ORD_00103781
1388,2023-07-23,ORD_00101193
1389,2023-07-23,ORD_00104928
1390,2023-07-23,ORD_00100896
1391,2023-07-23,ORD_00100118
1392,2023-07-23,ORD_00101367
1393,2023-07-23,ORD_00104252
1394,2023-07-23,ORD_00102975
1395,2023-07-24,ORD_00103266
1396,2023-07-24,ORD_00100484
1397,2023-07-24,ORD_00103653
1398,2023-07-24,ORD_00104534
1399,2023-07-24,ORD_00102729
1400,2023-07-24,ORD_00103533
1401,2023-07-24,ORD_00100114
1402,2023-07-24,ORD_00100702
1403,2023-07-24,ORD_00100309
1404,2023-07-24,ORD_00100289
1405,2023-07-25,ORD_00103865
1406,2023-07-25,ORD_00101075
1407,2023-07-25,ORD_00104745
1408,2023-07-25,ORD_00103645
1409,2023-07-25,ORD_00104092
1410,2023-07-26,ORD_00104909
1411,2023-07-26,ORD_00100654
1412,2023-07-26,ORD_00102946
1413,2023-07-26,ORD_00101068
1414,2023-07-26,ORD_00104550
1415,2023-07-26,ORD_00102603
1416,2023-07-27,ORD_00102943
1417,2023-07-27,ORD_00102394
1418,2023-07-27,ORD_00101036
1419,2023-07-27,ORD_00102220
1420,2023-07-27,ORD_00101500
1421,2023-07-27,ORD_00100539
1422,2023-07-27,ORD_00103727
1423,2023-07-27,ORD_00102003
1424,2023-07-27,ORD_00101198
1425,2023-07-27,ORD_00103175
1426,2023-07-27,ORD_00103239
1427,2023-07-28,ORD_00102087
1428,2023-07-28,ORD_00100764
1429,2023-07-28,ORD_00104329
1430,2023-07-28,ORD_00103933
1431,2023-07-28,ORD_00102146
1432,2023-07-28,ORD_00104885
1433,2023-07-28,ORD_00101866
1434,2023-07-29,ORD_00101018
1435,2023-07-29,ORD_00100054
1436,2023-07-29,ORD_00104919
1437,2023-07-29,ORD_00102748
1438,2023-07-29,ORD_00104561
1439,2023-07-29,ORD_00101597
1440,2023-07-29,ORD_00102595
1441,2023-07-29,ORD_00101646
1442,2023-07-30,ORD_00102125
1443,2023-07-30,ORD_00100713
1444,2023-07-30,ORD_00104726
1445,2023-07-30,ORD_00100217
1446,2023-07-30,ORD_00102627
1447,2023-07-30,ORD_00101447
1448,2023-07-30,ORD_00102737
1449,2023-07-30,ORD_00101071
1450,2023-07-30,ORD_00101559
1451,2023-07-31,ORD_00103457
1452,2023-07-31,ORD_00101372
1453,2023-07-31,ORD_00100876
1454,2023-07-31,ORD_00100525
1455,2023-07-31,ORD_00100498
1456,2023-07-31,ORD_00102449
1457,2023-08-01,ORD_00102723
1458,2023-08-01,ORD_00100147
1459,2023-08-01,ORD_00102349
1460,2023-08-02,ORD_00104628
1461,2023-08-02,ORD_00104061
1462,2023-08-03,ORD_00103945
1463,2023-08-03,ORD_00102526
1464,2023-08-03,ORD_00100631
1465,2023-08-03,ORD_00101678
1466,2023-08-03,ORD_00102251
1467,2023-08-03,ORD_00101522
1468,2023-08-03,ORD_00100523
1469,2023-08-03,ORD_00103042
1470,2023-08-03,ORD_00101726
1471,2023-08-04,ORD_00102666
1472,2023-08-04,ORD_00104592
1473,2023-08-04,ORD_00104858
1474,2023-08-04,ORD_00103788
1475,2023-08-04,ORD_00102072
1476,2023-08-04,ORD_00100062
1477,2023-08-04,ORD_00103480
1478,2023-08-04,ORD_00100830
1479,2023-08-04,ORD_00103300
1480,2023-08-04,ORD_00102415
1481,2023-08-04,ORD_00101132
1482,2023-08-04,ORD_00101958
1483,2023-08-04,ORD_00100799
1484,2023-08-05,ORD_00104312
1485,2023-08-05,ORD_00103702
1486,2023-08-05,ORD_00104654
1487,2023-08-05,ORD_00100828
1488,2023-08-05,ORD_00104830
1489,2023-08-05,ORD_00103047
1490,2023-08-05,ORD_00100992
1491,2023-08-05,ORD_00101885
1492,2023-08-05,ORD_00102313
1493,2023-08-06,ORD_00103323
1494,2023-08-06,ORD_00100237
1495,2023-08-06,ORD_00101392
1496,2023-08-06,ORD_00100016
1497,2023-08-06,ORD_00101809
1498,2023-08-06,ORD_00103899
1499,2023-08-06,ORD_00100814
1500,2023-08-07,ORD_00100778
1501,2023-08-07,ORD_00104580
1502,2023-08-07,ORD_00104144
1503,2023-08-07,ORD_00103538
1504,2023-08-07,ORD_00100057
1505,2023-08-07,ORD_00101331
1506,2023-08-07,ORD_00101176
1507,2023-08-07,ORD_00102638
1508,2023-08-08,ORD_00104007
1509,2023-08-08,ORD_00100037
1510,2023-08-09,ORD_00103913
1511,2023-08-09,ORD_00100230
1512,2023-08-09,ORD_00101750
1513,2023-08-10,ORD_00101067
1514,2023-08-10,ORD_00102740
1515,2023-08-10,ORD_00102522
1516,2023-08-10,ORD_00102786
1517,2023-08-11,ORD_00103680
1518,2023-08-11,ORD_00103843
1519,2023-08-11,ORD_00103979
1520,2023-08-11,ORD_00102452
1521,2023-08-12,ORD_00103767
1522,2023-08-13,ORD_00101880
1523,2023-08-13,ORD_00104705
1524,2023-08-13,ORD_00103285
1525,2023-08-13,ORD_00101714
1526,2023-08-13,ORD_00104604
1527,2023-08-13,ORD_00102863
1528,2023-08-13,ORD_00104209
1529,2023-08-13,ORD_00101143
1530,2023-08-13,ORD_00102903
1531,2023-08-13,ORD_00102726
1532,2023-08-14,ORD_00100517
1533,2023-08-14,ORD_00102116
1534,2023-08-14,ORD_00100776
1535,2023-08-14,ORD_00103168
1536,2023-08-14,ORD_00101200
1537,2023-08-14,ORD_00104851
1538,2023-08-14,ORD_00100004
1539,2023-08-14,ORD_00101836
1540,2023-08-14,ORD_00100795
1541,2023-08-14,ORD_00104584
1542,2023-08-15,ORD_00101271
1543,2023-08-15,ORD_00101521
1544,2023-08-15,ORD_00103573
1545,2023-08-15,ORD_00102343
1546,2023-08-15,ORD_00103032
1547,2023-08-16,ORD_00100292
1548,2023-08-16,ORD_00104819
1549,2023-08-16,ORD_00103397
1550,2023-08-16,ORD_00103694
1551,2023-08-16,ORD_00103330
1552,2023-08-16,ORD_00101805
1553,2023-08-16,ORD_00104302
1554,2023-08-16,ORD_00103672
1555,2023-08-17,ORD_00103769
1556,2023-08-17,ORD_00104361
1557,2023-08-17,ORD_00103230
1558,2023-08-17,ORD_00102058
1559,2023-08-17,ORD_00100825
1560,2023-08-17,ORD_00100691
1561,2023-08-17,ORD_00104691
1562,2023-08-17,ORD_00104793
1563,2023-08-18,ORD_00100331
1564,2023-08-18,ORD_00100677
1565,2023-08-18,ORD_00104492
1566,2023-08-18,ORD_00100575
1567,2023-08-18,ORD_00104717
1568,2023-08-19,ORD_00101778
1569,2023-08-19,ORD_00100769
1570,2023-08-19,ORD_00102814
1571,2023-08-19,ORD_00102391
1572,2023-08-19,ORD_00102104
1573,2023-08-19,ORD_00103581
1574,2023-08-19,ORD_00104609
1575,2023-08-19,ORD_00102085
1576,2023-08-19,ORD_00102477
1577,2023-08-20,ORD_00100704
1578,2023-08-20,ORD_00100203
1579,2023-08-20,ORD_00101990
1580,2023-08-20,ORD_00103095
1581,2023-08-20,ORD_00100383
1582,2023-08-20,ORD_00101533
1583,2023-08-20,ORD_00101851
1584,2023-08-20,ORD_00100865
1585,2023-08-20,ORD_00103043
1586,2023-08-20,ORD_00100239
1587,2023-08-21,ORD_00100184
1588,2023-08-21,ORD_00102110
1589,2023-08-21,ORD_00103686
1590,2023-08-21,ORD_00102724
1591,2023-08-21,ORD_00100649
1592,2023-08-21,ORD_00104630
1593,2023-08-21,ORD_00101850
1594,2023-08-21,ORD_00104836
1595,2023-08-22,ORD_00101194
1596,2023-08-22,ORD_00101526
1597,2023-08-22,ORD_00102681
1598,2023-08-22,ORD_00103549
1599,2023-08-22,ORD_00104639
1600,2023-08-22,ORD_00102548
1601,2023-08-22,ORD_00102398
1602,2023-08-22,ORD_00103076
1603,2023-08-22,ORD_00103398
1604,2023-08-22,ORD_00102143
1605,2023-08-23,ORD_00102953
1606,2023-08-23,ORD_00102862
1607,2023-08-23,ORD_00103706
1608,2023-08-23,ORD_00103709
1609,2023-08-23,ORD_00102418
1610,2023-08-23,ORD_00103038
1611,2023-08-23,ORD_00104674
1612,2023-08-23,ORD_00101770
1613,2023-08-24,ORD_00101387
1614,2023-08-24,ORD_00100853
1615,2023-08-24,ORD_00102160
1616,2023-08-24,ORD_00103338
1617,2023-08-24,ORD_00103464
1618,2023-08-25,ORD_00102093
1619,2023-08-25,ORD_00104371
1620,2023-08-25,ORD_00100997
1621,2023-08-25,ORD_00104159
1622,2023-08-25,ORD_00103030
1623,2023-08-25,ORD_00104827
1624,2023-08-25,ORD_00103623
1625,2023-08-26,ORD_00102868
1626,2023-08-26,ORD_00104623
1627,2023-08-26,ORD_00102987
1628,2023-08-26,ORD_00101893
1629,2023-08-26,ORD_00102757
1630,2023-08-26,ORD_00104688
1631,2023-08-26,ORD_00103773
1632,2023-08-27,ORD_00104011
1633,2023-08-27,ORD_00100582
1634,2023-08-27,ORD_00102228
1635,2023-08-27,ORD_00104551
1636,2023-08-27,ORD_00100612
1637,2023-08-28,ORD_00103559
1638,2023-08-28,ORD_00104665
1639,2023-08-29,ORD_00104184
1640,2023-08-29,ORD_00101575
1641,2023-08-29,ORD_00104066
1642,2023-08-29,ORD_00104960
1643,2023-08-29,ORD_00101192
1644,2023-08-29,ORD_00103685
1645,2023-08-29,ORD_00103204
1646,2023-08-29,ORD_00103246
1647,2023-08-30,ORD_00103478
1648,2023-08-30,ORD_00101336
1649,2023-08-30,ORD_00103647
1650,2023-08-30,ORD_00101654
1651,2023-08-30,ORD_00103298
1652,2023-08-30,ORD_00104978
1653,2023-08-31,ORD_00100589
1654,2023-08-31,ORD_00103282
1655,2023-08-31,ORD_00103608
1656,2023-08-31,ORD_00103185
1657,2023-09-01,ORD_00101552
1658,2023-09-01,ORD_00103121
1659,2023-09-01,ORD_00100629
1660,2023-09-02,ORD_00100287
1661,2023-09-02,ORD_00101166
1662,2023-09-02,ORD_00102955
1663,2023-09-02,ORD_00103099
1664,2023-09-02,ORD_00100564
1665,2023-09-02,ORD_00101558
1666,2023-09-02,ORD_00104493
1667,2023-09-03,ORD_00100436
1668,2023-09-03,ORD_00100148
1669,2023-09-03,ORD_00100167
1670,2023-09-03,ORD_00102825
1671,2023-09-03,ORD_00104063
1672,2023-09-03,ORD_00103661
1673,2023-09-04,ORD_00103056
1674,2023-09-04,ORD_00103028
1675,2023-09-04,ORD_00102592
1676,2023-09-04,ORD_00103470
1677,2023-09-04,ORD_00103275
1678,2023-09-04,ORD_00104811
1679,2023-09-04,ORD_00102674
1680,2023-09-04,ORD_00100305
1681,2023-09-04,ORD_00100736
1682,2023-09-04,ORD_00104437
1683,2023-09-04,ORD_00100419
1684,2023-09-05,ORD_00101944
1685,2023-09-05,ORD_00100487
1686,2023-09-05,ORD_00104538
1687,2023-09-05,ORD_00103130
1688,2023-09-05,ORD_00102875
1689,2023-09-05,ORD_00104206
1690,2023-09-05,ORD_00100349
1691,2023-09-05,ORD_00103021
1692,2023-09-06,ORD_00102515
1693,2023-09-06,ORD_00104878
1694,2023-09-06,ORD_00101171
1695,2023-09-06,ORD_00104950
1696,2023-09-06,ORD_00101869
1697,2023-09-06,ORD_00100038
1698,2023-09-06,ORD_00102157
1699,2023-09-06,ORD_00104789
1700,2023-09-07,ORD_00104940
1701,2023-09-07,ORD_00103859
1702,2023-09-07,ORD_00101847
1703,2023-09-07,ORD_00100501
1704,2023-09-07,ORD_00100126
1705,2023-09-07,ORD_00100831
1706,2023-09-08,ORD_00101039
1707,2023-09-08,ORD_00103855
1708,2023-09-08,ORD_00100573
1709,2023-09-08,ORD_00100058
1710,2023-09-08,ORD_00100187
1711,2023-09-08,ORD_00102379
1712,2023-09-08,ORD_00100345
1713,2023-09-08,ORD_00104839
1714,2023-09-09,ORD_00101506
1715,2023-09-09,ORD_00103073
1716,2023-09-09,ORD_00101450
1717,2023-09-09,ORD_00104552
1718,2023-09-09,ORD_00102980
1719,2023-09-09,ORD_00102887
1720,2023-09-09,ORD_00102876
1721,2023-09-09,ORD_00101023
1722,2023-09-09,ORD_00101337
1723,2023-09-09,ORD_00102873
1724,2023-09-09,ORD_00104848
1725,2023-09-09,ORD_00103965
1726,2023-09-10,ORD_00104227
1727,2023-09-10,ORD_00103985
1728,2023-09-10,ORD_00103684
1729,2023-09-10,ORD_00103343
1730,2023-09-10,ORD_00100052
1731,2023-09-10,ORD_00100468
1732,2023-09-11,ORD_00103871
1733,2023-09-11,ORD_00100417
1734,2023-09-11,ORD_00104698
1735,2023-09-11,ORD_00103863
1736,2023-09-11,ORD_00104632
1737,2023-09-12,ORD_00100552
1738,2023-09-12,ORD_00101746
1739,2023-09-12,ORD_00101410
1740,2023-09-12,ORD_00102212
1741,2023-09-12,ORD_00100491
1742,2023-09-12,ORD_00102502
1743,2023-09-12,ORD_00102559
1744,2023-09-12,ORD_00102911
1745,2023-09-12,ORD_00101656
1746,2023-09-13,ORD_00104116
1747,2023-09-13,ORD_00103787
1748,2023-09-13,ORD_00100529
1749,2023-09-13,ORD_00104363
1750,2023-09-13,ORD_00102478
1751,2023-09-13,ORD_00100597
1752,2023-09-13,ORD_00100608
1753,2023-09-13,ORD_00104071
1754,2023-09-14,ORD_00100803
1755,2023-09-14,ORD_00102046
1756,2023-09-14,ORD_00101967
1757,2023-09-14,ORD_00101536
1758,2023-09-14,ORD_00102115
1759,2023-09-15,ORD_00104563
1760,2023-09-15,ORD_00104264
1761,2023-09-15,ORD_00103441
1762,2023-09-15,ORD_00103222
1763,2023-09-15,ORD_00100022
1764,2023-09-15,ORD_00104526
1765,2023-09-15,ORD_00104383
1766,2023-09-15,ORD_00103089
1767,2023-09-15,ORD_00103158
1768,2023-09-15,ORD_00101639
1769,2023-09-16,ORD_00100275
1770,2023-09-16,ORD_00100452
1771,2023-09-16,ORD_00104112
1772,2023-09-16,ORD_00101126
1773,2023-09-17,ORD_00100304
1774,2023-09-17,ORD_00102597
1775,2023-09-17,ORD_00100849
1776,2023-09-17,ORD_00103784
1777,2023-09-18,ORD_00103467
1778,2023-09-18,ORD_00103404
1779,2023-09-18,ORD_00103350
1780,2023-09-18,ORD_00102247
1781,2023-09-18,ORD_00100965
1782,2023-09-18,ORD_00100893
1783,2023-09-19,ORD_00103639
1784,2023-09-19,ORD_00104366
1785,2023-09-19,ORD_00102436
1786,2023-09-19,ORD_00104474
1787,2023-09-19,ORD_00103584
1788,2023-09-19,ORD_00102459
1789,2023-09-19,ORD_00104018
1790,2023-09-19,ORD_00104292
1791,2023-09-19,ORD_00100251
1792,2023-09-19,ORD_00100773
1793,2023-09-19,ORD_00101752
1794,2023-09-19,ORD_00103884
1795,2023-09-20,ORD_00103033
1796,2023-09-20,ORD_00102397
1797,2023-09-20,ORD_00100953
1798,2023-09-21,ORD_00104519
1799,2023-09-21,ORD_00101149
1800,2023-09-21,ORD_00102910
1801,2023-09-21,ORD_00100868
1802,2023-09-21,ORD_00104523
1803,2023-09-21,ORD_00104871
1804,2023-09-22,ORD_00102289
1805,2023-09-22,ORD_00102323
1806,2023-09-22,ORD_00104152
1807,2023-09-22,ORD_00103433
1808,2023-09-22,ORD_00101339
1809,2023-09-22,ORD_00103914
1810,2023-09-22,ORD_00100673
1811,2023-09-22,ORD_00104491
1812,2023-09-22,ORD_00100128
1813,2023-09-23,ORD_00103794
1814,2023-09-23,ORD_00104051
1815,2023-09-23,ORD_00101708
1816,2023-09-23,ORD_00101154
1817,2023-09-23,ORD_00103058
1818,2023-09-23,ORD_00102140
1819,2023-09-23,ORD_00104190
1820,2023-09-24,ORD_00101381
1821,2023-09-24,ORD_00100894
1822,2023-09-24,ORD_00103424
1823,2023-09-24,ORD_00100596
1824,2023-09-25,ORD_00102044
1825,2023-09-25,ORD_00104746
1826,2023-09-25,ORD_00101586
1827,2023-09-25,ORD_00101671
1828,2023-09-26,ORD_00104728
1829,2023-09-26,ORD_00100326
1830,2023-09-26,ORD_00101564
1831,2023-09-26,ORD_00102812
1832,2023-09-26,ORD_00102679
1833,2023-09-26,ORD_00103961
1834,2023-09-26,ORD_00101135
1835,2023-09-26,ORD_00103697
1836,2023-09-26,ORD_00101258
1837,2023-09-26,ORD_00103429
1838,2023-09-26,ORD_00104268
1839,2023-09-27,ORD_00100018
1840,2023-09-27,ORD_00104660
1841,2023-09-27,ORD_00100945
1842,2023-09-27,ORD_00100522
1843,2023-09-27,ORD_00100647
1844,2023-09-27,ORD_00102653
1845,2023-09-27,ORD_00102670
1846,2023-09-27,ORD_00104430
1847,2023-09-27,ORD_00104171
1848,2023-09-27,ORD_00102535
1849,2023-09-28,ORD_00102408
1850,2023-09-28,ORD_00100820
1851,2023-09-28,ORD_00104476
1852,2023-09-28,ORD_00100061
1853,2023-09-28,ORD_00103797
1854,2023-09-28,ORD_00100151
1855,2023-09-29,ORD_00100031
1856,2023-09-29,ORD_00100343
1857,2023-09-29,ORD_00100970
1858,2023-09-29,ORD_00103772
1859,2023-09-29,ORD_00101857
1860,2023-09-29,ORD_00102530
1861,2023-09-29,ORD_00100640
1862,2023-09-30,ORD_00101371
1863,2023-09-30,ORD_00101451
1864,2023-09-30,ORD_00100984
1865,2023-09-30,ORD_00102399
1866,2023-09-30,ORD_00104362
1867,2023-10-01,ORD_00101444
1868,2023-10-01,ORD_00100023
1869,2023-10-01,ORD_00103579
1870,2023-10-01,ORD_00104290
1871,2023-10-01,ORD_00100173
1872,2023-10-02,ORD_00102205
1873,2023-10-02,ORD_00104917
1874,2023-10-02,ORD_00100476
1875,2023-10-02,ORD_00100125
1876,2023-10-02,ORD_00104553
1877,2023-10-02,ORD_00104783
1878,2023-10-02,ORD_00101405
1879,2023-10-02,ORD_00101844
1880,2023-10-03,ORD_00100921
1881,2023-10-03,ORD_00102871
1882,2023-10-03,ORD_00104649
1883,2023-10-03,ORD_00104559
1884,2023-10-03,ORD_00101789
1885,2023-10-03,ORD_00104242
1886,2023-10-03,ORD_00100885
1887,2023-10-04,ORD_00101993
1888,2023-10-04,ORD_00104510
1889,2023-10-04,ORD_00100610
1890,2023-10-04,ORD_00101214
1891,2023-10-04,ORD_00104565
1892,2023-10-04,ORD_00104230
1893,2023-10-05,ORD_00100576
1894,2023-10-05,ORD_00102687
1895,2023-10-05,ORD_00100134
1896,2023-10-05,ORD_00103790
1897,2023-10-05,ORD_00103654
1898,2023-10-05,ORD_00102832
1899,2023-10-05,ORD_00104409
1900,2023-10-05,ORD_00102103
1901,2023-10-06,ORD_00104040
1902,2023-10-06,ORD_00104897
1903,2023-10-06,ORD_00101657
1904,2023-10-06,ORD_00100726
1905,2023-10-06,ORD_00102508
1906,2023-10-06,ORD_00103714
1907,2023-10-07,ORD_00101580
1908,2023-10-07,ORD_00101513
1909,2023-10-07,ORD_00103445
1910,2023-10-07,ORD_00104587
1911,2023-10-07,ORD_00103879
1912,2023-10-07,ORD_00101508
1913,2023-10-08,ORD_00101760
1914,2023-10-08,ORD_00102857
1915,2023-10-08,ORD_00101614
1916,2023-10-08,ORD_00101965
1917,2023-10-08,ORD_00100754
1918,2023-10-08,ORD_00102947
1919,2023-10-08,ORD_00101356
1920,2023-10-08,ORD_00101177
1921,2023-10-08,ORD_00102712
1922,2023-10-09,ORD_00104722
1923,2023-10-09,ORD_00100227
1924,2023-10-09,ORD_00102331
1925,2023-10-09,ORD_00100339
1926,2023-10-09,ORD_00101492
1927,2023-10-09,ORD_00103396
1928,2023-10-09,ORD_00103213
1929,2023-10-10,ORD_00103628
1930,2023-10-10,ORD_00102513
1931,2023-10-10,ORD_00103705
1932,2023-10-10,ORD_00100935
1933,2023-10-10,ORD_00104105
1934,2023-10-10,ORD_00102011
1935,2023-10-10,ORD_00103751
1936,2023-10-10,ORD_00102274
1937,2023-10-10,ORD_00101607
1938,2023-10-11,ORD_00104699
1939,2023-10-11,ORD_00100682
1940,2023-10-11,ORD_00101260
1941,2023-10-11,ORD_00102071
1942,2023-10-11,ORD_00101685
1943,2023-10-11,ORD_00100064
1944,2023-10-11,ORD_00103551
1945,2023-10-12,ORD_00104286
1946,2023-10-12,ORD_00104234
1947,2023-10-12,ORD_00101349
1948,2023-10-12,ORD_00104338
1949,2023-10-12,ORD_00101751
1950,2023-10-12,ORD_00101829
1951,2023-10-13,ORD_00100505
1952,2023-10-13,ORD_00103051
1953,2023-10-14,ORD_00104958
1954,2023-10-14,ORD_00102174
1955,2023-10-14,ORD_00100887
1956,2023-10-15,ORD_00101199
1957,2023-10-15,ORD_00101520
1958,2023-10-15,ORD_00102132
1959,2023-10-15,ORD_00104275
1960,2023-10-15,ORD_00102754
1961,2023-10-15,ORD_00100611
1962,2023-10-16,ORD_00104815
1963,2023-10-16,ORD_00101798
1964,2023-10-16,ORD_00104461
1965,2023-10-16,ORD_00101763
1966,2023-10-16,ORD_00103801
1967,2023-10-16,ORD_00101106
1968,2023-10-16,ORD_00102659
1969,2023-10-16,ORD_00103497
1970,2023-10-16,ORD_00102675
1971,2023-10-17,ORD_00100578
1972,2023-10-17,ORD_00104281
1973,2023-10-17,ORD_00100273
1974,2023-10-17,ORD_00100681
1975,2023-10-18,ORD_00104635
1976,2023-10-18,ORD_00102352
1977,2023-10-18,ORD_00101601
1978,2023-10-18,ORD_00104464
1979,2023-10-19,ORD_00100897
1980,2023-10-19,ORD_00103260
1981,2023-10-19,ORD_00103885
1982,2023-10-19,ORD_00103315
1983,2023-10-19,ORD_00102602
1984,2023-10-19,ORD_00100391
1985,2023-10-19,ORD_00102842
1986,2023-10-19,ORD_00102894
1987,2023-10-19,ORD_00102713
1988,2023-10-20,ORD_00102176
1989,2023-10-20,ORD_00100355
1990,2023-10-20,ORD_00100860
1991,2023-10-20,ORD_00104896
1992,2023-10-20,ORD_00103136
1993,2023-10-20,ORD_00104889
1994,2023-10-20,ORD_00103656
1995,2023-10-20,ORD_00100761
1996,2023-10-20,ORD_00104670
1997,2023-10-21,ORD_00101125
1998,2023-10-21,ORD_00100763
1999,2023-10-21,ORD_00102359
2000,2023-10-21,ORD_00100267
2001,2023-10-21,ORD_00104141
2002,2023-10-21,ORD_00103114
2003,2023-10-21,ORD_00104874
2004,2023-10-21,ORD_00100858
2005,2023-10-22,ORD_00102017
2006,2023-10-22,ORD_00102816
2007,2023-10-22,ORD_00104641
2008,2023-10-22,ORD_00100236
2009,2023-10-22,ORD_00102095
2010,2023-10-22,ORD_00100990
2011,2023-10-22,ORD_00100379
2012,2023-10-22,ORD_00100166
2013,2023-10-23,ORD_00103487
2014,2023-10-23,ORD_00102869
2015,2023-10-23,ORD_00102180
2016,2023-10-23,ORD_00104663
2017,2023-10-23,ORD_00101225
2018,2023-10-23,ORD_00102824
2019,2023-10-23,ORD_00100150
2020,2023-10-23,ORD_00103887
2021,2023-10-24,ORD_00103375
2022,2023-10-24,ORD_00100793
2023,2023-10-24,ORD_00102355
2024,2023-10-24,ORD_00103098
2025,2023-10-24,ORD_00101241
2026,2023-10-24,ORD_00102094
2027,2023-10-24,ORD_00102066
2028,2023-10-24,ORD_00101122
2029,2023-10-24,ORD_00100010
2030,2023-10-25,ORD_00103094
2031,2023-10-25,ORD_00100816
2032,2023-10-25,ORD_00101892
2033,2023-10-25,ORD_00101781
2034,2023-10-25,ORD_00101429
2035,2023-10-25,ORD_00102211
2036,2023-10-25,ORD_00102791
2037,2023-10-26,ORD_00102830
2038,2023-10-26,ORD_00104622
2039,2023-10-26,ORD_00101101
2040,2023-10-26,ORD_00102610
2041,2023-10-26,ORD_00102510
2042,2023-10-27,ORD_00102117
2043,2023-10-27,ORD_00104860
2044,2023-10-27,ORD_00104154
2045,2023-10-27,ORD_00103793
2046,2023-10-27,ORD_00103748
2047,2023-10-27,ORD_00104578
2048,2023-10-27,ORD_00102523
2049,2023-10-27,ORD_00102581
2050,2023-10-27,ORD_00102761
2051,2023-10-28,ORD_00101227
2052,2023-10-28,ORD_00102053
2053,2023-10-28,ORD_00101436
2054,2023-10-28,ORD_00104408
2055,2023-10-28,ORD_00103312
2056,2023-10-28,ORD_00102327
2057,2023-10-29,ORD_00100942
2058,2023-10-29,ORD_00101868
2059,2023-10-29,ORD_00103144
2060,2023-10-29,ORD_00103142
2061,2023-10-29,ORD_00103500
2062,2023-10-29,ORD_00102423
2063,2023-10-29,ORD_00101480
2064,2023-10-29,ORD_00101026
2065,2023-10-30,ORD_00102185
2066,2023-10-30,ORD_00104809
2067,2023-10-30,ORD_00103907
2068,2023-10-30,ORD_00100202
2069,2023-10-30,ORD_00104459
2070,2023-10-30,ORD_00100796
2071,2023-10-30,ORD_00102283
2072,2023-10-30,ORD_00101457
2073,2023-10-30,ORD_00102133
2074,2023-10-31,ORD_00101827
2075,2023-10-31,ORD_00102709
2076,2023-10-31,ORD_00103770
2077,2023-10-31,ORD_00104392
2078,2023-10-31,ORD_00102497
2079,2023-10-31,ORD_00104769
2080,2023-10-31,ORD_00104522
2081,2023-10-31,ORD_00103182
2082,2023-11-01,ORD_00100377
2083,2023-11-01,ORD_00103087
2084,2023-11-01,ORD_00104127
2085,2023-11-01,ORD_00104386
2086,2023-11-01,ORD_00102747
2087,2023-11-01,ORD_00102989
2088,2023-11-02,ORD_00104360
2089,2023-11-02,ORD_00101745
2090,2023-11-02,ORD_00104272
2091,2023-11-02,ORD_00103208
2092,2023-11-02,ORD_00103880
2093,2023-11-02,ORD_00100416
2094,2023-11-03,ORD_00100365
2095,2023-11-03,ORD_00103977
2096,2023-11-03,ORD_00104806
2097,2023-11-04,ORD_00104263
2098,2023-11-04,ORD_00102123
2099,2023-11-04,ORD_00104633
2100,2023-11-04,ORD_00100083
2101,2023-11-04,ORD_00101328
2102,2023-11-04,ORD_00100481
2103,2023-11-04,ORD_00103634
2104,2023-11-04,ORD_00102623
2105,2023-11-04,ORD_00100330
2106,2023-11-05,ORD_00100298
2107,2023-11-05,ORD_00104872
2108,2023-11-05,ORD_00104216
2109,2023-11-05,ORD_00103426
2110,2023-11-05,ORD_00101700
2111,2023-11-05,ORD_00101817
2112,2023-11-05,ORD_00104109
2113,2023-11-05,ORD_00101354
2114,2023-11-06,ORD_00103815
2115,2023-11-06,ORD_00101421
2116,2023-11-06,ORD_00103778
2117,2023-11-06,ORD_00100679
2118,2023-11-06,ORD_00100138
2119,2023-11-07,ORD_00102640
2120,2023-11-07,ORD_00102819
2121,2023-11-07,ORD_00101253
2122,2023-11-07,ORD_00102688
2123,2023-11-07,ORD_00100914
2124,2023-11-08,ORD_00103569
2125,2023-11-08,ORD_00100957
2126,2023-11-08,ORD_00104508
2127,2023-11-09,ORD_00103453
2128,2023-11-09,ORD_00103749
2129,2023-11-09,ORD_00100146
2130,2023-11-09,ORD_00103845
2131,2023-11-09,ORD_00101000
2132,2023-11-09,ORD_00103896
2133,2023-11-09,ORD_00102018
2134,2023-11-10,ORD_00100316
2135,2023-11-10,ORD_00104799
2136,2023-11-10,ORD_00102419
2137,2023-11-10,ORD_00100132
2138,2023-11-11,ORD_00104110
2139,2023-11-11,ORD_00101941
2140,2023-11-11,ORD_00100852
2141,2023-11-11,ORD_00103929
2142,2023-11-11,ORD_00101172
2143,2023-11-11,ORD_00104475
2144,2023-11-12,ORD_00100437
2145,2023-11-12,ORD_00102280
2146,2023-11-12,ORD_00104813
2147,2023-11-12,ORD_00101676
2148,2023-11-12,ORD_00102916
2149,2023-11-12,ORD_00101250
2150,2023-11-12,ORD_00104974
2151,2023-11-12,ORD_00104993
2152,2023-11-12,ORD_00101056
2153,2023-11-12,ORD_00102206
2154,2023-11-13,ORD_00101644
2155,2023-11-13,ORD_00101888
2156,2023-11-13,ORD_00103678
2157,2023-11-13,ORD_00102964
2158,2023-11-14,ORD_00101840
2159,2023-11-14,ORD_00103020
2160,2023-11-14,ORD_00100278
2161,2023-11-14,ORD_00101606
2162,2023-11-14,ORD_00102281
2163,2023-11-14,ORD_00101070
2164,2023-11-14,ORD_00102262
2165,2023-11-15,ORD_00103113
2166,2023-11-15,ORD_00102474
2167,2023-11-15,ORD_00104121
2168,2023-11-15,ORD_00103842
2169,2023-11-16,ORD_00101291
2170,2023-11-16,ORD_00102242
2171,2023-11-16,ORD_00103595
2172,2023-11-16,ORD_00104673
2173,2023-11-16,ORD_00101309
2174,2023-11-16,ORD_00103416
2175,2023-11-16,ORD_00104096
2176,2023-11-16,ORD_00104085
2177,2023-11-17,ORD_00103939
2178,2023-11-17,ORD_00100510
2179,2023-11-17,ORD_00101383
2180,2023-11-17,ORD_00100439
2181,2023-11-18,ORD_00100324
2182,2023-11-18,ORD_00102139
2183,2023-11-18,ORD_00102269
2184,2023-11-18,ORD_00104863
2185,2023-11-18,ORD_00100592
2186,2023-11-18,ORD_00100756
2187,2023-11-18,ORD_00101458
2188,2023-11-18,ORD_00103745
2189,2023-11-18,ORD_00103071
2190,2023-11-18,ORD_00101415
2191,2023-11-18,ORD_00104187
2192,2023-11-18,ORD_00101361
2193,2023-11-18,ORD_00101743
2194,2023-11-18,ORD_00102914
2195,2023-11-19,ORD_00103358
2196,2023-11-19,ORD_00101889
2197,2023-11-19,ORD_00102451
2198,2023-11-19,ORD_00104516
2199,2023-11-19,ORD_00102977
2200,2023-11-19,ORD_00101690
2201,2023-11-20,ORD_00102282
2202,2023-11-20,ORD_00103491
2203,2023-11-20,ORD_00100135
2204,2023-11-21,ORD_00100901
2205,2023-11-21,ORD_00102156
2206,2023-11-21,ORD_00103821
2207,2023-11-21,ORD_00100096
2208,2023-11-21,ORD_00101986
2209,2023-11-21,ORD_00102528
2210,2023-11-21,ORD_00100378
2211,2023-11-22,ORD_00104173
2212,2023-11-22,ORD_00102986
2213,2023-11-22,ORD_00100590
2214,2023-11-22,ORD_00101980
2215,2023-11-22,ORD_00101512
2216,2023-11-22,ORD_00103827
2217,2023-11-22,ORD_00103407
2218,2023-11-22,ORD_00101009
2219,2023-11-23,ORD_00101970
2220,2023-11-23,ORD_00100427
2221,2023-11-23,ORD_00104947
2222,2023-11-23,ORD_00103488
2223,2023-11-23,ORD_00101861
2224,2023-11-23,ORD_00100977
2225,2023-11-23,ORD_00102402
2226,2023-11-23,ORD_00103519
2227,2023-11-23,ORD_00101994
2228,2023-11-24,ORD_00101858
2229,2023-11-24,ORD_00100100
2230,2023-11-24,ORD_00102357
2231,2023-11-24,ORD_00102705
2232,2023-11-24,ORD_00101499
2233,2023-11-24,ORD_00104870
2234,2023-11-24,ORD_00101716
2235,2023-11-25,ORD_00100784
2236,2023-11-25,ORD_00100947
2237,2023-11-25,ORD_00101313
2238,2023-11-25,ORD_00104163
2239,2023-11-25,ORD_00100386
2240,2023-11-25,ORD_00103299
2241,2023-11-25,ORD_00100986
2242,2023-11-25,ORD_00100665
2243,2023-11-25,ORD_00102083
2244,2023-11-25,ORD_00104593
2245,2023-11-26,ORD_00101996
2246,2023-11-26,ORD_00103854
2247,2023-11-27,ORD_00100536
2248,2023-11-27,ORD_00101974
2249,2023-11-27,ORD_00101529
2250,2023-11-27,ORD_00100932
2251,2023-11-27,ORD_00101633
2252,2023-11-28,ORD_00101635
2253,2023-11-28,ORD_00104749
2254,2023-11-28,ORD_00101029
2255,2023-11-28,ORD_00104986
2256,2023-11-28,ORD_00103991
2257,2023-11-29,ORD_00101175
2258,2023-11-29,ORD_00101794
2259,2023-11-29,ORD_00100186
2260,2023-11-29,ORD_00101088
2261,2023-11-29,ORD_00100963
2262,2023-11-29,ORD_00102430
2263,2023-11-29,ORD_00102525
2264,2023-11-30,ORD_00104357
2265,2023-11-30,ORD_00103676
2266,2023-11-30,ORD_00101097
2267,2023-11-30,ORD_00103238
2268,2023-11-30,ORD_00102424
2269,2023-11-30,ORD_00100483
2270,2023-11-30,ORD_00104056
2271,2023-11-30,ORD_00103257
2272,2023-11-30,ORD_00101091
2273,2023-12-01,ORD_00100200
2274,2023-12-01,ORD_00103413
2275,2023-12-01,ORD_00102940
2276,2023-12-01,ORD_00102439
2277,2023-12-01,ORD_00103891
2278,2023-12-01,ORD_00101621
2279,2023-12-01,ORD_00104349
2280,2023-12-02,ORD_00100595
2281,2023-12-02,ORD_00101290
2282,2023-12-02,ORD_00103926
2283,2023-12-02,ORD_00100207
2284,2023-12-02,ORD_00103940
2285,2023-12-02,ORD_00102704
2286,2023-12-02,ORD_00104186
2287,2023-12-02,ORD_00103417
2288,2023-12-02,ORD_00104608
2289,2023-12-02,ORD_00102984
2290,2023-12-02,ORD_00100363
2291,2023-12-02,ORD_00101364
2292,2023-12-02,ORD_00101964
2293,2023-12-02,ORD_00102741
2294,2023-12-03,ORD_00104498
2295,2023-12-03,ORD_00103728
2296,2023-12-03,ORD_00101514
2297,2023-12-03,ORD_00102407
2298,2023-12-03,ORD_00101784
2299,2023-12-03,ORD_00100218
2300,2023-12-03,ORD_00102479
2301,2023-12-04,ORD_00101534
2302,2023-12-04,ORD_00101345
2303,2023-12-04,ORD_00104525
2304,2023-12-04,ORD_00103493
2305,2023-12-04,ORD_00100398
2306,2023-12-04,ORD_00101006
2307,2023-12-04,ORD_00102395
2308,2023-12-05,ORD_00103587
2309,2023-12-05,ORD_00101691
2310,2023-12-05,ORD_00102250
2311,2023-12-05,ORD_00102897
2312,2023-12-05,ORD_00100036
2313,2023-12-05,ORD_00103737
2314,2023-12-06,ORD_00101792
2315,2023-12-06,ORD_00100788
2316,2023-12-06,ORD_00102469
2317,2023-12-06,ORD_00102370
2318,2023-12-06,ORD_00104629
2319,2023-12-06,ORD_00102637
2320,2023-12-06,ORD_00100077
2321,2023-12-06,ORD_00103494
2322,2023-12-06,ORD_00101890
2323,2023-12-06,ORD_00100662
2324,2023-12-06,ORD_00104760
2325,2023-12-06,ORD_00101812
2326,2023-12-06,ORD_00101042
2327,2023-12-07,ORD_00104567
2328,2023-12-07,ORD_00104702
2329,2023-12-07,ORD_00100434
2330,2023-12-07,ORD_00100306
2331,2023-12-07,ORD_00103286
2332,2023-12-07,ORD_00102763
2333,2023-12-07,ORD_00100698
2334,2023-12-08,ORD_00103764
2335,2023-12-08,ORD_00104868
2336,2023-12-08,ORD_00101073
2337,2023-12-08,ORD_00101537
2338,2023-12-08,ORD_00103110
2339,2023-12-08,ORD_00102055
2340,2023-12-08,ORD_00104399
2341,2023-12-09,ORD_00104701
2342,2023-12-09,ORD_00103593
2343,2023-12-09,ORD_00102099
2344,2023-12-09,ORD_00104358
2345,2023-12-09,ORD_00102942
2346,2023-12-10,ORD_00104916
2347,2023-12-10,ORD_00103118
2348,2023-12-10,ORD_00100583
2349,2023-12-10,ORD_00102657
2350,2023-12-10,ORD_00102611
2351,2023-12-10,ORD_00102826
2352,2023-12-10,ORD_00103746
2353,2023-12-10,ORD_00104682
2354,2023-12-10,ORD_00101138
2355,2023-12-10,ORD_00104964
2356,2023-12-11,ORD_00100006
2357,2023-12-11,ORD_00100622
2358,2023-12-11,ORD_00104946
2359,2023-12-11,ORD_00100107
2360,2023-12-11,ORD_00101322
2361,2023-12-11,ORD_00102918
2362,2023-12-11,ORD_00103434
2363,2023-12-12,ORD_00102297
2364,2023-12-12,ORD_00104762
2365,2023-12-12,ORD_00102945
2366,2023-12-12,ORD_00102326
2367,2023-12-12,ORD_00101318
2368,2023-12-12,ORD_00104117
2369,2023-12-12,ORD_00104224
2370,2023-12-12,ORD_00100111
2371,2023-12-12,ORD_00102486
2372,2023-12-12,ORD_00102334
2373,2023-12-13,ORD_00101565
2374,2023-12-13,ORD_00104707
2375,2023-12-13,ORD_00100748
2376,2023-12-13,ORD_00100854
2377,2023-12-13,ORD_00100181
2378,2023-12-13,ORD_00101242
2379,2023-12-13,ORD_00100637
2380,2023-12-14,ORD_00102074
2381,2023-12-14,ORD_00100259
2382,2023-12-14,ORD_00101487
2383,2023-12-14,ORD_00101563
2384,2023-12-15,ORD_00104842
2385,2023-12-15,ORD_00102794
2386,2023-12-15,ORD_00103949
2387,2023-12-15,ORD_00102979
2388,2023-12-15,ORD_00104898
2389,2023-12-15,ORD_00100141
2390,2023-12-16,ORD_00103024
2391,2023-12-16,ORD_00102128
2392,2023-12-16,ORD_00100281
2393,2023-12-16,ORD_00100244
2394,2023-12-16,ORD_00102162
2395,2023-12-17,ORD_00100926
2396,2023-12-17,ORD_00102904
2397,2023-12-17,ORD_00102412
2398,2023-12-17,ORD_00103329
2399,2023-12-17,ORD_00101649
2400,2023-12-17,ORD_00100707
2401,2023-12-17,ORD_00103448
2402,2023-12-18,ORD_00102778
2403,2023-12-18,ORD_00102562
2404,2023-12-18,ORD_00100687
2405,2023-12-18,ORD_00101230
2406,2023-12-19,ORD_00100659
2407,2023-12-19,ORD_00102388
2408,2023-12-19,ORD_00100895
2409,2023-12-19,ORD_00104223
2410,2023-12-19,ORD_00100133
2411,2023-12-19,ORD_00103151
2412,2023-12-19,ORD_00102484
2413,2023-12-19,ORD_00100915
2414,2023-12-20,ORD_00102245
2415,2023-12-20,ORD_00104894
2416,2023-12-20,ORD_00102620
2417,2023-12-20,ORD_00100380
2418,2023-12-20,ORD_00104862
2419,2023-12-21,ORD_00100338
2420,2023-12-22,ORD_00101001
2421,2023-12-22,ORD_00101228
2422,2023-12-22,ORD_00104120
2423,2023-12-22,ORD_00102287
2424,2023-12-23,ORD_00104221
2425,2023-12-23,ORD_00103759
2426,2023-12-23,ORD_00102527
2427,2023-12-23,ORD_00101184
2428,2023-12-23,ORD_00103015
2429,2023-12-23,ORD_00101697
2430,2023-12-24,ORD_00101909
2431,2023-12-24,ORD_00103731
2432,2023-12-24,ORD_00104009
2433,2023-12-24,ORD_00101314
2434,2023-12-24,ORD_00104010
2435,2023-12-24,ORD_00104931
2436,2023-12-25,ORD_00100074
2437,2023-12-25,ORD_00102113
2438,2023-12-25,ORD_00103874
2439,2023-12-25,ORD_00100238
2440,2023-12-25,ORD_00104404
2441,2023-12-25,ORD_00101078
2442,2023-12-26,ORD_00104093
2443,2023-12-26,ORD_00101089
2444,2023-12-26,ORD_00101316
2445,2023-12-26,ORD_00102564
2446,2023-12-26,ORD_00104992
2447,2023-12-26,ORD_00101939
2448,2023-12-26,ORD_00101807
2449,2023-12-26,ORD_00100260
2450,2023-12-26,ORD_00103682
2451,2023-12-27,ORD_00102890
2452,2023-12-27,ORD_00103552
2453,2023-12-27,ORD_00102090
2454,2023-12-27,ORD_00101358
2455,2023-12-27,ORD_00101269
2456,2023-12-27,ORD_00102007
2457,2023-12-27,ORD_00102109
2458,2023-12-28,ORD_00102209
2459,2023-12-28,ORD_00102690
2460,2023-12-28,ORD_00101779
2461,2023-12-28,ORD_00103351
2462,2023-12-29,ORD_00104416
2463,2023-12-29,ORD_00103701
2464,2023-12-29,ORD_00101063
2465,2023-12-29,ORD_00100039
2466,2023-12-29,ORD_00102187
2467,2023-12-29,ORD_00101769
2468,2023-12-29,ORD_00102493
2469,2023-12-29,ORD_00103460
2470,2023-12-29,ORD_00104253
2471,2023-12-30,ORD_00102976
2472,2023-12-30,ORD_00100614
2473,2023-12-30,ORD_00102043
2474,2023-12-30,ORD_00102284
2475,2023-12-30,ORD_00102448
2476,2023-12-30,ORD_00104244
2477,2023-12-30,ORD_00101547
2478,2023-12-31,ORD_00102968
2479,2023-12-31,ORD_00103589
2480,2023-12-31,ORD_00104975
2481,2023-12-31,ORD_00101833
2482,2024-01-01,ORD_00103039
2483,2024-01-01,ORD_00102514
2484,2024-01-01,ORD_00103930
2485,2024-01-01,ORD_00103211
2486,2024-01-01,ORD_00104413
2487,2024-01-01,ORD_00101264
2488,2024-01-01,ORD_00102545
2489,2024-01-02,ORD_00104651
2490,2024-01-02,ORD_00102577
2491,2024-01-02,ORD_00103716
2492,2024-01-02,ORD_00104828
2493,2024-01-02,ORD_00101626
2494,2024-01-02,ORD_00100724
2495,2024-01-02,ORD_00103176
2496,2024-01-02,ORD_00100069
2497,2024-01-02,ORD_00104222
2498,2024-01-02,ORD_00101560
2499,2024-01-02,ORD_00102777
2500,2024-01-03,ORD_00103574
2501,2024-01-03,ORD_00102930
2502,2024-01-03,ORD_00103894
2503,2024-01-04,ORD_00100571
2504,2024-01-04,ORD_00102148
2505,2024-01-04,ORD_00102030
2506,2024-01-04,ORD_00102762
2507,2024-01-05,ORD_00104655
2508,2024-01-05,ORD_00100821
2509,2024-01-05,ORD_00102519
2510,2024-01-05,ORD_00103344
2511,2024-01-05,ORD_00101384
2512,2024-01-05,ORD_00100332
2513,2024-01-05,ORD_00103124
2514,2024-01-05,ORD_00102434
2515,2024-01-06,ORD_00102210
2516,2024-01-06,ORD_00101727
2517,2024-01-06,ORD_00103711
2518,2024-01-06,ORD_00103452
2519,2024-01-06,ORD_00102159
2520,2024-01-06,ORD_00100884
2521,2024-01-06,ORD_00100019
2522,2024-01-06,ORD_00103633
2523,2024-01-06,ORD_00102531
2524,2024-01-06,ORD_00102134
2525,2024-01-06,ORD_00102311
2526,2024-01-07,ORD_00100028
2527,2024-01-07,ORD_00103928
2528,2024-01-07,ORD_00103532
2529,2024-01-08,ORD_00102703
2530,2024-01-08,ORD_00101087
2531,2024-01-08,ORD_00103430
2532,2024-01-08,ORD_00101323
2533,2024-01-08,ORD_00101903
2534,2024-01-08,ORD_00100817
2535,2024-01-08,ORD_00104692
2536,2024-01-08,ORD_00102626
2537,2024-01-09,ORD_00104455
2538,2024-01-10,ORD_00100824
2539,2024-01-10,ORD_00103231
2540,2024-01-10,ORD_00100201
2541,2024-01-10,ORD_00102475
2542,2024-01-10,ORD_00100360
2543,2024-01-10,ORD_00102259
2544,2024-01-10,ORD_00100204
2545,2024-01-10,ORD_00104626
2546,2024-01-10,ORD_00100356
2547,2024-01-10,ORD_00104470
2548,2024-01-11,ORD_00104142
2549,2024-01-11,ORD_00101116
2550,2024-01-11,ORD_00103044
2551,2024-01-11,ORD_00104511
2552,2024-01-11,ORD_00101286
2553,2024-01-12,ORD_00104367
2554,2024-01-12,ORD_00103743
2555,2024-01-12,ORD_00100401
2556,2024-01-12,ORD_00103499
2557,2024-01-12,ORD_00101734
2558,2024-01-12,ORD_00104306
2559,2024-01-13,ORD_00103450
2560,2024-01-13,ORD_00102872
2561,2024-01-13,ORD_00104861
2562,2024-01-13,ORD_00103510
2563,2024-01-13,ORD_00103218
2564,2024-01-13,ORD_00103008
2565,2024-01-13,ORD_00103088
2566,2024-01-13,ORD_00100579
2567,2024-01-13,ORD_00100956
2568,2024-01-13,ORD_00101831
2569,2024-01-13,ORD_00101406
2570,2024-01-14,ORD_00102695
2571,2024-01-14,ORD_00104594
2572,2024-01-14,ORD_00101249
2573,2024-01-14,ORD_00102818
2574,2024-01-14,ORD_00100646
2575,2024-01-14,ORD_00103650
2576,2024-01-15,ORD_00103968
2577,2024-01-15,ORD_00102680
2578,2024-01-15,ORD_00104271
2579,2024-01-15,ORD_00103496
2580,2024-01-15,ORD_00104922
2581,2024-01-16,ORD_00102593
2582,2024-01-16,ORD_00101871
2583,2024-01-16,ORD_00104512
2584,2024-01-16,ORD_00104219
2585,2024-01-16,ORD_00100937
2586,2024-01-16,ORD_00103334
2587,2024-01-16,ORD_00104804
2588,2024-01-16,ORD_00103530
2589,2024-01-16,ORD_00100692
2590,2024-01-17,ORD_00100725
2591,2024-01-17,ORD_00104680
2592,2024-01-17,ORD_00103255
2593,2024-01-17,ORD_00104689
2594,2024-01-17,ORD_00101238
2595,2024-01-17,ORD_00100663
2596,2024-01-17,ORD_00101755
2597,2024-01-18,ORD_00101262
2598,2024-01-18,ORD_00100667
2599,2024-01-18,ORD_00102438
2600,2024-01-18,ORD_00103528
2601,2024-01-18,ORD_00104448
2602,2024-01-18,ORD_00104875
2603,2024-01-18,ORD_00100447
2604,2024-01-18,ORD_00100293
2605,2024-01-18,ORD_00104260
2606,2024-01-18,ORD_00104666
2607,2024-01-18,ORD_00104215
2608,2024-01-19,ORD_00104911
2609,2024-01-19,ORD_00101664
2610,2024-01-19,ORD_00101788
2611,2024-01-19,ORD_00104483
2612,2024-01-20,ORD_00104041
2613,2024-01-20,ORD_00102233
2614,2024-01-20,ORD_00100710
2615,2024-01-20,ORD_00102517
2616,2024-01-20,ORD_00102428
2617,2024-01-20,ORD_00103427
2618,2024-01-20,ORD_00101064
2619,2024-01-20,ORD_00100531
2620,2024-01-20,ORD_00104446
2621,2024-01-20,ORD_00101688
2622,2024-01-20,ORD_00102715
2623,2024-01-21,ORD_00104833
2624,2024-01-21,ORD_00103946
2625,2024-01-21,ORD_00104934
2626,2024-01-21,ORD_00103637
2627,2024-01-21,ORD_00101307
2628,2024-01-21,ORD_00103392
2629,2024-01-21,ORD_00101728
2630,2024-01-21,ORD_00101518
2631,2024-01-22,ORD_00102215
2632,2024-01-22,ORD_00101484
2633,2024-01-22,ORD_00104646
2634,2024-01-22,ORD_00103989
2635,2024-01-22,ORD_00102107
2636,2024-01-23,ORD_00100625
2637,2024-01-23,ORD_00101953
2638,2024-01-23,ORD_00100919
2639,2024-01-23,ORD_00104850
2640,2024-01-24,ORD_00100946
2641,2024-01-24,ORD_00102173
2642,2024-01-24,ORD_00104657
2643,2024-01-24,ORD_00101757
2644,2024-01-24,ORD_00102106
2645,2024-01-25,ORD_00102454
2646,2024-01-25,ORD_00104855
2647,2024-01-25,ORD_00102455
2648,2024-01-25,ORD_00102656
2649,2024-01-25,ORD_00101710
2650,2024-01-25,ORD_00103509
2651,2024-01-25,ORD_00101882
2652,2024-01-25,ORD_00101315
2653,2024-01-25,ORD_00101661
2654,2024-01-26,ORD_00100193
2655,2024-01-26,ORD_00104582
2656,2024-01-26,ORD_00102591
2657,2024-01-26,ORD_00103607
2658,2024-01-26,ORD_00100767
2659,2024-01-26,ORD_00104888
2660,2024-01-26,ORD_00100974
2661,2024-01-26,ORD_00101619
2662,2024-01-26,ORD_00102644
2663,2024-01-26,ORD_00101542
2664,2024-01-26,ORD_00100794
2665,2024-01-26,ORD_00102131
2666,2024-01-26,ORD_00104886
2667,2024-01-26,ORD_00100228
2668,2024-01-27,ORD_00104273
2669,2024-01-27,ORD_00101951
2670,2024-01-27,ORD_00104825
2671,2024-01-27,ORD_00100073
2672,2024-01-27,ORD_00104423
2673,2024-01-27,ORD_00101136
2674,2024-01-28,ORD_00102845
2675,2024-01-28,ORD_00101131
2676,2024-01-28,ORD_00104098
2677,2024-01-28,ORD_00104004
2678,2024-01-28,ORD_00102781
2679,2024-01-28,ORD_00100171
2680,2024-01-28,ORD_00100607
2681,2024-01-28,ORD_00102361
2682,2024-01-29,ORD_00101814
2683,2024-01-29,ORD_00104376
2684,2024-01-29,ORD_00101665
2685,2024-01-29,ORD_00102385
2686,2024-01-29,ORD_00104447
2687,2024-01-30,ORD_00101213
2688,2024-01-30,ORD_00100930
2689,2024-01-30,ORD_00102286
2690,2024-01-30,ORD_00104124
2691,2024-01-30,ORD_00103638
2692,2024-01-30,ORD_00104908
2693,2024-01-30,ORD_00101698
2694,2024-01-30,ORD_00103736
2695,2024-01-31,ORD_00100782
2696,2024-01-31,ORD_00104847
2697,2024-01-31,ORD_00103125
2698,2024-02-01,ORD_00102543
2699,2024-02-01,ORD_00102727
2700,2024-02-01,ORD_00103162
2701,2024-02-01,ORD_00104211
2702,2024-02-01,ORD_00103901
2703,2024-02-01,ORD_00104990
2704,2024-02-02,ORD_00104915
2705,2024-02-02,ORD_00100686
2706,2024-02-02,ORD_00100430
2707,2024-02-02,ORD_00103810
2708,2024-02-02,ORD_00104158
2709,2024-02-02,ORD_00104068
2710,2024-02-02,ORD_00102622
2711,2024-02-02,ORD_00101150
2712,2024-02-02,ORD_00104761
2713,2024-02-03,ORD_00100766
2714,2024-02-03,ORD_00104282
2715,2024-02-03,ORD_00103228
2716,2024-02-03,ORD_00102959
2717,2024-02-03,ORD_00102860
2718,2024-02-04,ORD_00103219
2719,2024-02-04,ORD_00104435
2720,2024-02-04,ORD_00101628
2721,2024-02-04,ORD_00104443
2722,2024-02-05,ORD_00102501
2723,2024-02-05,ORD_00104536
2724,2024-02-05,ORD_00102067
2725,2024-02-05,ORD_00104145
2726,2024-02-05,ORD_00103225
2727,2024-02-05,ORD_00101157
2728,2024-02-05,ORD_00104025
2729,2024-02-05,ORD_00102204
2730,2024-02-05,ORD_00103780
2731,2024-02-05,ORD_00101722
2732,2024-02-06,ORD_00103112
2733,2024-02-06,ORD_00101427
2734,2024-02-06,ORD_00101720
2735,2024-02-06,ORD_00101721
2736,2024-02-06,ORD_00102015
2737,2024-02-06,ORD_00101948
2738,2024-02-06,ORD_00101532
2739,2024-02-07,ORD_00104450
2740,2024-02-07,ORD_00103908
2741,2024-02-07,ORD_00104953
2742,2024-02-07,ORD_00102834
2743,2024-02-07,ORD_00102929
2744,2024-02-07,ORD_00100641
2745,2024-02-07,ORD_00101968
2746,2024-02-07,ORD_00101365
2747,2024-02-07,ORD_00104055
2748,2024-02-07,ORD_00101613
2749,2024-02-07,ORD_00103631
2750,2024-02-08,ORD_00103297
2751,2024-02-08,ORD_00104103
2752,2024-02-08,ORD_00102075
2753,2024-02-08,ORD_00102223
2754,2024-02-08,ORD_00101247
2755,2024-02-08,ORD_00102899
2756,2024-02-09,ORD_00101295
2757,2024-02-09,ORD_00104490
2758,2024-02-09,ORD_00103101
2759,2024-02-09,ORD_00101634
2760,2024-02-10,ORD_00102416
2761,2024-02-10,ORD_00100503
2762,2024-02-10,ORD_00104826
2763,2024-02-10,ORD_00102716
2764,2024-02-10,ORD_00104574
2765,2024-02-11,ORD_00101342
2766,2024-02-11,ORD_00103820
2767,2024-02-11,ORD_00100465
2768,2024-02-11,ORD_00103690
2769,2024-02-11,ORD_00102224
2770,2024-02-12,ORD_00104723
2771,2024-02-12,ORD_00102114
2772,2024-02-12,ORD_00100880
2773,2024-02-12,ORD_00104207
2774,2024-02-12,ORD_00103186
2775,2024-02-12,ORD_00100482
2776,2024-02-12,ORD_00102264
2777,2024-02-12,ORD_00102752
2778,2024-02-13,ORD_00104543
2779,2024-02-13,ORD_00100348
2780,2024-02-13,ORD_00100231
2781,2024-02-13,ORD_00100075
2782,2024-02-13,ORD_00102296
2783,2024-02-13,ORD_00101908
2784,2024-02-13,ORD_00104598
2785,2024-02-14,ORD_00102460
2786,2024-02-14,ORD_00100312
2787,2024-02-14,ORD_00102685
2788,2024-02-14,ORD_00103673
2789,2024-02-15,ORD_00102299
2790,2024-02-15,ORD_00103411
2791,2024-02-15,ORD_00103708
2792,2024-02-15,ORD_00100045
2793,2024-02-15,ORD_00103909
2794,2024-02-15,ORD_00100142
2795,2024-02-15,ORD_00100599
2796,2024-02-15,ORD_00100015
2797,2024-02-15,ORD_00104535
2798,2024-02-15,ORD_00104238
2799,2024-02-16,ORD_00104686
2800,2024-02-16,ORD_00103247
2801,2024-02-16,ORD_00102624
2802,2024-02-16,ORD_00104505
2803,2024-02-16,ORD_00101785
2804,2024-02-16,ORD_00101325
2805,2024-02-16,ORD_00101329
2806,2024-02-16,ORD_00102503
2807,2024-02-17,ORD_00101473
2808,2024-02-17,ORD_00104935
2809,2024-02-17,ORD_00103195
2810,2024-02-17,ORD_00104385
2811,2024-02-17,ORD_00100532
2812,2024-02-17,ORD_00104949
2813,2024-02-17,ORD_00101984
2814,2024-02-17,ORD_00103196
2815,2024-02-17,ORD_00103091
2816,2024-02-17,ORD_00104797
2817,2024-02-18,ORD_00100668
2818,2024-02-18,ORD_00102893
2819,2024-02-18,ORD_00100701
2820,2024-02-18,ORD_00101104
2821,2024-02-18,ORD_00103270
2822,2024-02-18,ORD_00100684
2823,2024-02-18,ORD_00104196
2824,2024-02-18,ORD_00104653
2825,2024-02-19,ORD_00101299
2826,2024-02-19,ORD_00102880
2827,2024-02-19,ORD_00104771
2828,2024-02-19,ORD_00102062
2829,2024-02-19,ORD_00101239
2830,2024-02-19,ORD_00104225
2831,2024-02-19,ORD_00100900
2832,2024-02-19,ORD_00100256
2833,2024-02-19,ORD_00104078
2834,2024-02-20,ORD_00102774
2835,2024-02-20,ORD_00101168
2836,2024-02-20,ORD_00103153
2837,2024-02-20,ORD_00103721
2838,2024-02-20,ORD_00102736
2839,2024-02-20,ORD_00103868
2840,2024-02-20,ORD_00101587
2841,2024-02-21,ORD_00103078
2842,2024-02-21,ORD_00104542
2843,2024-02-21,ORD_00100385
2844,2024-02-21,ORD_00103155
2845,2024-02-21,ORD_00102815
2846,2024-02-21,ORD_00104150
2847,2024-02-21,ORD_00102760
2848,2024-02-21,ORD_00104678
2849,2024-02-21,ORD_00104036
2850,2024-02-22,ORD_00103861
2851,2024-02-22,ORD_00101288
2852,2024-02-22,ORD_00102470
2853,2024-02-22,ORD_00103120
2854,2024-02-22,ORD_00100168
2855,2024-02-22,ORD_00104034
2856,2024-02-22,ORD_00103403
2857,2024-02-22,ORD_00103145
2858,2024-02-23,ORD_00104467
2859,2024-02-23,ORD_00102356
2860,2024-02-23,ORD_00102138
2861,2024-02-23,ORD_00101666
2862,2024-02-23,ORD_00103193
2863,2024-02-23,ORD_00101017
2864,2024-02-23,ORD_00101832
2865,2024-02-23,ORD_00100848
2866,2024-02-24,ORD_00103307
2867,2024-02-24,ORD_00103851
2868,2024-02-24,ORD_00103992
2869,2024-02-24,ORD_00104791
2870,2024-02-24,ORD_00101617
2871,2024-02-24,ORD_00103872
2872,2024-02-24,ORD_00103752
2873,2024-02-25,ORD_00103363
2874,2024-02-25,ORD_00101931
2875,2024-02-25,ORD_00104058
2876,2024-02-25,ORD_00100235
2877,2024-02-25,ORD_00102500
2878,2024-02-25,ORD_00104713
2879,2024-02-25,ORD_00103423
2880,2024-02-25,ORD_00104596
2881,2024-02-25,ORD_00101603
2882,2024-02-25,ORD_00104280
2883,2024-02-26,ORD_00101011
2884,2024-02-26,ORD_00103000
2885,2024-02-26,ORD_00104515
2886,2024-02-26,ORD_00101142
2887,2024-02-26,ORD_00104310
2888,2024-02-26,ORD_00100549
2889,2024-02-26,ORD_00100072
2890,2024-02-26,ORD_00101270
2891,2024-02-26,ORD_00101471
2892,2024-02-26,ORD_00104731
2893,2024-02-27,ORD_00102912
2894,2024-02-27,ORD_00100586
2895,2024-02-27,ORD_00104108
2896,2024-02-27,ORD_00100755
2897,2024-02-27,ORD_00101335
2898,2024-02-27,ORD_00104076
2899,2024-02-28,ORD_00104867
2900,2024-02-28,ORD_00101066
2901,2024-02-28,ORD_00101054
2902,2024-02-28,ORD_00100633
2903,2024-02-28,ORD_00103796
2904,2024-02-28,ORD_00102596
2905,2024-02-28,ORD_00103744
2906,2024-02-28,ORD_00103013
2907,2024-02-29,ORD_00101252
2908,2024-02-29,ORD_00102341
2909,2024-02-29,ORD_00103353
2910,2024-02-29,ORD_00103362
2911,2024-02-29,ORD_00104546
2912,2024-02-29,ORD_00102915
2913,2024-03-01,ORD_00102473
2914,2024-03-01,ORD_00103664
2915,2024-03-01,ORD_00102458
2916,2024-03-01,ORD_00100777
2917,2024-03-01,ORD_00100170
2918,2024-03-01,ORD_00104410
2919,2024-03-01,ORD_00100560
2920,2024-03-01,ORD_00101251
2921,2024-03-01,ORD_00101428
2922,2024-03-02,ORD_00100975
2923,2024-03-02,ORD_00101393
2924,2024-03-02,ORD_00100366
2925,2024-03-02,ORD_00103248
2926,2024-03-02,ORD_00101475
2927,2024-03-02,ORD_00102272
2928,2024-03-02,ORD_00104704
2929,2024-03-03,ORD_00102625
2930,2024-03-03,ORD_00104540
2931,2024-03-03,ORD_00104743
2932,2024-03-03,ORD_00102696
2933,2024-03-03,ORD_00103836
2934,2024-03-03,ORD_00101483
2935,2024-03-03,ORD_00101205
2936,2024-03-03,ORD_00101259
2937,2024-03-03,ORD_00101005
2938,2024-03-03,ORD_00103284
2939,2024-03-04,ORD_00104541
2940,2024-03-04,ORD_00101373
2941,2024-03-04,ORD_00104294
2942,2024-03-04,ORD_00102154
2943,2024-03-04,ORD_00102931
2944,2024-03-04,ORD_00102236
2945,2024-03-04,ORD_00101863
2946,2024-03-04,ORD_00102798
2947,2024-03-05,ORD_00103190
2948,2024-03-05,ORD_00104119
2949,2024-03-05,ORD_00101918
2950,2024-03-05,ORD_00103240
2951,2024-03-05,ORD_00104890
2952,2024-03-05,ORD_00100211
2953,2024-03-05,ORD_00102684
2954,2024-03-05,ORD_00103873
2955,2024-03-06,ORD_00103754
2956,2024-03-06,ORD_00103545
2957,2024-03-06,ORD_00104803
2958,2024-03-07,ORD_00104356
2959,2024-03-07,ORD_00100477
2960,2024-03-07,ORD_00102512
2961,2024-03-07,ORD_00104469
2962,2024-03-08,ORD_00103869
2963,2024-03-08,ORD_00102319
2964,2024-03-08,ORD_00100042
2965,2024-03-08,ORD_00102010
2966,2024-03-08,ORD_00104285
2967,2024-03-08,ORD_00101357
2968,2024-03-08,ORD_00104323
2969,2024-03-08,ORD_00103495
2970,2024-03-08,ORD_00103421
2971,2024-03-08,ORD_00103414
2972,2024-03-08,ORD_00100544
2973,2024-03-09,ORD_00102708
2974,2024-03-09,ORD_00104677
2975,2024-03-09,ORD_00101346
2976,2024-03-09,ORD_00102746
2977,2024-03-09,ORD_00100678
2978,2024-03-09,ORD_00104472
2979,2024-03-09,ORD_00101877
2980,2024-03-09,ORD_00103262
2981,2024-03-09,ORD_00104352
2982,2024-03-10,ORD_00102827
2983,2024-03-10,ORD_00101113
2984,2024-03-10,ORD_00100886
2985,2024-03-10,ORD_00101114
2986,2024-03-10,ORD_00104162
2987,2024-03-10,ORD_00104967
2988,2024-03-10,ORD_00100314
2989,2024-03-10,ORD_00104123
2990,2024-03-11,ORD_00103942
2991,2024-03-11,ORD_00101776
2992,2024-03-11,ORD_00100152
2993,2024-03-11,ORD_00102314
2994,2024-03-11,ORD_00104747
2995,2024-03-11,ORD_00103400
2996,2024-03-11,ORD_00103025
2997,2024-03-11,ORD_00104279
2998,2024-03-11,ORD_00102219
2999,2024-03-11,ORD_00101206
3000,2024-03-11,ORD_00103679
3001,2024-03-12,ORD_00102509
3002,2024-03-12,ORD_00100502
3003,2024-03-12,ORD_00103156
3004,2024-03-12,ORD_00102184
3005,2024-03-12,ORD_00103014
3006,2024-03-12,ORD_00103722
3007,2024-03-12,ORD_00102963
3008,2024-03-13,ORD_00104976
3009,2024-03-13,ORD_00101046
3010,2024-03-13,ORD_00102437
3011,2024-03-13,ORD_00102901
3012,2024-03-13,ORD_00103689
3013,2024-03-13,ORD_00100642
3014,2024-03-13,ORD_00103906
3015,2024-03-13,ORD_00101050
3016,2024-03-13,ORD_00101327
3017,2024-03-14,ORD_00104291
3018,2024-03-14,ORD_00102375
3019,2024-03-14,ORD_00103571
3020,2024-03-14,ORD_00103438
3021,2024-03-14,ORD_00100772
3022,2024-03-14,ORD_00102020
3023,2024-03-14,ORD_00100807
3024,2024-03-14,ORD_00101544
3025,2024-03-14,ORD_00104679
3026,2024-03-14,ORD_00101292
3027,2024-03-15,ORD_00104212
3028,2024-03-15,ORD_00100551
3029,2024-03-15,ORD_00101797
3030,2024-03-15,ORD_00102221
3031,2024-03-15,ORD_00103505
3032,2024-03-15,ORD_00100542
3033,2024-03-16,ORD_00104920
3034,2024-03-16,ORD_00101915
3035,2024-03-16,ORD_00101442
3036,2024-03-16,ORD_00100493
3037,2024-03-16,ORD_00102917
3038,2024-03-16,ORD_00100229
3039,2024-03-17,ORD_00104022
3040,2024-03-17,ORD_00103428
3041,2024-03-17,ORD_00101810
3042,2024-03-17,ORD_00102554
3043,2024-03-17,ORD_00103327
3044,2024-03-17,ORD_00102166
3045,2024-03-17,ORD_00102544
3046,2024-03-18,ORD_00103903
3047,2024-03-18,ORD_00104981
3048,2024-03-18,ORD_00102972
3049,2024-03-18,ORD_00102042
3050,2024-03-18,ORD_00101605
3051,2024-03-19,ORD_00103761
3052,2024-03-19,ORD_00103207
3053,2024-03-19,ORD_00100733
3054,2024-03-19,ORD_00102190
3055,2024-03-19,ORD_00101911
3056,2024-03-19,ORD_00104557
3057,2024-03-19,ORD_00100603
3058,2024-03-20,ORD_00101418
3059,2024-03-20,ORD_00101455
3060,2024-03-20,ORD_00104987
3061,2024-03-20,ORD_00103161
3062,2024-03-20,ORD_00102461
3063,2024-03-21,ORD_00104168
3064,2024-03-21,ORD_00103546
3065,2024-03-21,ORD_00101334
3066,2024-03-21,ORD_00103346
3067,2024-03-21,ORD_00101103
3068,2024-03-21,ORD_00104095
3069,2024-03-21,ORD_00102948
3070,2024-03-21,ORD_00100912
3071,2024-03-22,ORD_00103911
3072,2024-03-22,ORD_00101820
3073,2024-03-22,ORD_00103844
3074,2024-03-22,ORD_00100254
3075,2024-03-22,ORD_00104189
3076,2024-03-22,ORD_00100258
3077,2024-03-22,ORD_00102861
3078,2024-03-22,ORD_00100079
3079,2024-03-22,ORD_00101388
3080,2024-03-22,ORD_00102171
3081,2024-03-23,ORD_00104148
3082,2024-03-23,ORD_00100918
3083,2024-03-23,ORD_00102338
3084,2024-03-23,ORD_00102048
3085,2024-03-23,ORD_00103916
3086,2024-03-23,ORD_00104527
3087,2024-03-23,ORD_00103011
3088,2024-03-24,ORD_00103544
3089,2024-03-24,ORD_00100285
3090,2024-03-24,ORD_00103311
3091,2024-03-24,ORD_00103882
3092,2024-03-24,ORD_00104650
3093,2024-03-24,ORD_00101445
3094,2024-03-24,ORD_00103295
3095,2024-03-24,ORD_00101294
3096,2024-03-24,ORD_00104132
3097,2024-03-24,ORD_00103786
3098,2024-03-24,ORD_00102606
3099,2024-03-24,ORD_00103777
3100,2024-03-25,ORD_00103066
3101,2024-03-25,ORD_00102091
3102,2024-03-25,ORD_00100272
3103,2024-03-25,ORD_00102373
3104,2024-03-25,ORD_00100940
3105,2024-03-25,ORD_00101355
3106,2024-03-25,ORD_00100421
3107,2024-03-26,ORD_00101025
3108,2024-03-26,ORD_00100827
3109,2024-03-26,ORD_00100099
3110,2024-03-26,ORD_00100480
3111,2024-03-26,ORD_00101347
3112,2024-03-26,ORD_00100548
3113,2024-03-26,ORD_00103276
3114,2024-03-26,ORD_00104612
3115,2024-03-26,ORD_00103289
3116,2024-03-26,ORD_00102425
3117,2024-03-26,ORD_00103564
3118,2024-03-27,ORD_00104205
3119,2024-03-27,ORD_00101904
3120,2024-03-27,ORD_00103957
3121,2024-03-27,ORD_00100988
3122,2024-03-27,ORD_00100288
3123,2024-03-27,ORD_00102009
3124,2024-03-27,ORD_00103169
3125,2024-03-28,ORD_00104174
3126,2024-03-28,ORD_00104706
3127,2024-03-28,ORD_00101627
3128,2024-03-28,ORD_00102082
3129,2024-03-28,ORD_00101902
3130,2024-03-28,ORD_00103840
3131,2024-03-28,ORD_00104106
3132,2024-03-28,ORD_00100191
3133,2024-03-29,ORD_00103412
3134,2024-03-29,ORD_00101353
3135,2024-03-29,ORD_00100043
3136,2024-03-29,ORD_00100908
3137,2024-03-29,ORD_00102669
3138,2024-03-30,ORD_00101647
3139,2024-03-30,ORD_00100323
3140,2024-03-30,ORD_00100286
3141,2024-03-30,ORD_00100185
3142,2024-03-30,ORD_00103009
3143,2024-03-30,ORD_00103394
3144,2024-03-30,ORD_00104805
3145,2024-03-30,ORD_00102504
3146,2024-03-30,ORD_00100712
3147,2024-03-30,ORD_00102369
3148,2024-03-31,ORD_00100902
3149,2024-03-31,ORD_00100213
3150,2024-04-01,ORD_00100810
3151,2024-04-01,ORD_00102850
3152,2024-04-01,ORD_00101035
3153,2024-04-01,ORD_00100097
3154,2024-04-01,ORD_00102802
3155,2024-04-01,ORD_00101244
3156,2024-04-01,ORD_00101155
3157,2024-04-01,ORD_00103757
3158,2024-04-02,ORD_00103310
3159,2024-04-02,ORD_00100317
3160,2024-04-02,ORD_00103347
3161,2024-04-03,ORD_00101895
3162,2024-04-03,ORD_00100738
3163,2024-04-03,ORD_00104468
3164,2024-04-03,ORD_00104140
3165,2024-04-03,ORD_00103735
3166,2024-04-03,ORD_00104869
3167,2024-04-03,ORD_00103241
3168,2024-04-03,ORD_00104973
3169,2024-04-04,ORD_00104398
3170,2024-04-04,ORD_00100263
3171,2024-04-04,ORD_00100296
3172,2024-04-04,ORD_00100413
3173,2024-04-04,ORD_00104164
3174,2024-04-04,ORD_00103170
3175,2024-04-04,ORD_00101642
3176,2024-04-04,ORD_00101433
3177,2024-04-05,ORD_00102619
3178,2024-04-05,ORD_00100431
3179,2024-04-05,ORD_00100991
3180,2024-04-05,ORD_00102884
3181,2024-04-05,ORD_00102420
3182,2024-04-05,ORD_00100335
3183,2024-04-05,ORD_00100269
3184,2024-04-05,ORD_00102285
3185,2024-04-05,ORD_00103034
3186,2024-04-06,ORD_00104012
3187,2024-04-06,ORD_00104903
3188,2024-04-06,ORD_00100514
3189,2024-04-06,ORD_00104201
3190,2024-04-06,ORD_00104381
3191,2024-04-06,ORD_00102380
3192,2024-04-06,ORD_00100790
3193,2024-04-06,ORD_00100149
3194,2024-04-06,ORD_00104620
3195,2024-04-07,ORD_00102350
3196,2024-04-07,ORD_00100328
3197,2024-04-07,ORD_00104316
3198,2024-04-07,ORD_00103134
3199,2024-04-07,ORD_00100699
3200,2024-04-07,ORD_00101363
3201,2024-04-07,ORD_00102735
3202,2024-04-07,ORD_00101223
3203,2024-04-07,ORD_00100593
3204,2024-04-08,ORD_00103665
3205,2024-04-08,ORD_00102866
3206,2024-04-08,ORD_00104817
3207,2024-04-08,ORD_00101207
3208,2024-04-09,ORD_00102485
3209,2024-04-09,ORD_00101545
3210,2024-04-09,ORD_00102038
3211,2024-04-09,ORD_00100565
3212,2024-04-09,ORD_00101396
3213,2024-04-09,ORD_00100024
3214,2024-04-09,ORD_00104853
3215,2024-04-09,ORD_00102444
3216,2024-04-09,ORD_00100837
3217,2024-04-09,ORD_00101038
3218,2024-04-09,ORD_00101467
3219,2024-04-09,ORD_00101528
3220,2024-04-10,ORD_00103806
3221,2024-04-10,ORD_00103508
3222,2024-04-10,ORD_00100205
3223,2024-04-10,ORD_00101602
3224,2024-04-10,ORD_00101938
3225,2024-04-10,ORD_00102784
3226,2024-04-10,ORD_00102621
3227,2024-04-10,ORD_00101030
3228,2024-04-10,ORD_00100046
3229,2024-04-10,ORD_00103506
3230,2024-04-10,ORD_00101841
3231,2024-04-10,ORD_00100533
3232,2024-04-11,ORD_00104770
3233,2024-04-11,ORD_00101112
3234,2024-04-12,ORD_00101753
3235,2024-04-12,ORD_00102422
3236,2024-04-12,ORD_00100095
3237,2024-04-12,ORD_00100192
3238,2024-04-12,ORD_00100721
3239,2024-04-13,ORD_00101612
3240,2024-04-13,ORD_00103492
3241,2024-04-13,ORD_00104668
3242,2024-04-13,ORD_00104970
3243,2024-04-13,ORD_00100882
3244,2024-04-13,ORD_00104303
3245,2024-04-14,ORD_00102243
3246,2024-04-14,ORD_00100534
3247,2024-04-14,ORD_00104939
3248,2024-04-14,ORD_00103791
3249,2024-04-14,ORD_00101453
3250,2024-04-14,ORD_00104876
3251,2024-04-15,ORD_00103932
3252,2024-04-15,ORD_00104283
3253,2024-04-15,ORD_00104980
3254,2024-04-16,ORD_00103079
3255,2024-04-16,ORD_00103646
3256,2024-04-16,ORD_00103724
3257,2024-04-16,ORD_00101609
3258,2024-04-16,ORD_00103062
3259,2024-04-16,ORD_00104730
3260,2024-04-16,ORD_00104170
3261,2024-04-16,ORD_00102344
3262,2024-04-16,ORD_00102325
3263,2024-04-16,ORD_00100443
3264,2024-04-16,ORD_00102435
3265,2024-04-17,ORD_00101139
3266,2024-04-17,ORD_00101590
3267,2024-04-17,ORD_00102932
3268,2024-04-17,ORD_00104167
3269,2024-04-17,ORD_00101092
3270,2024-04-18,ORD_00101618
3271,2024-04-18,ORD_00104904
3272,2024-04-18,ORD_00100164
3273,2024-04-18,ORD_00102240
3274,2024-04-18,ORD_00102054
3275,2024-04-18,ORD_00102609
3276,2024-04-18,ORD_00100013
3277,2024-04-18,ORD_00101333
3278,2024-04-18,ORD_00103556
3279,2024-04-19,ORD_00102939
3280,2024-04-19,ORD_00102130
3281,2024-04-19,ORD_00100495
3282,2024-04-19,ORD_00103606
3283,2024-04-19,ORD_00104278
3284,2024-04-19,ORD_00103566
3285,2024-04-19,ORD_00101027
3286,2024-04-19,ORD_00102307
3287,2024-04-19,ORD_00103828
3288,2024-04-19,ORD_00102628
3289,2024-04-19,ORD_00101733
3290,2024-04-19,ORD_00102788
3291,2024-04-20,ORD_00100580
3292,2024-04-20,ORD_00102683
3293,2024-04-20,ORD_00101507
3294,2024-04-20,ORD_00104824
3295,2024-04-20,ORD_00100094
3296,2024-04-20,ORD_00101572
3297,2024-04-20,ORD_00104193
3298,2024-04-21,ORD_00102753
3299,2024-04-21,ORD_00102967
3300,2024-04-21,ORD_00101977
3301,2024-04-21,ORD_00104017
3302,2024-04-21,ORD_00104027
3303,2024-04-21,ORD_00101118
3304,2024-04-21,ORD_00104838
3305,2024-04-21,ORD_00102549
3306,2024-04-21,ORD_00102682
3307,2024-04-21,ORD_00102888
3308,2024-04-22,ORD_00102050
3309,2024-04-22,ORD_00100102
3310,2024-04-22,ORD_00101530
3311,2024-04-22,ORD_00104339
3312,2024-04-22,ORD_00104247
3313,2024-04-23,ORD_00104254
3314,2024-04-23,ORD_00101966
3315,2024-04-23,ORD_00104084
3316,2024-04-23,ORD_00101579
3317,2024-04-24,ORD_00104568
3318,2024-04-24,ORD_00100955
3319,2024-04-24,ORD_00103290
3320,2024-04-25,ORD_00104932
3321,2024-04-25,ORD_00103626
3322,2024-04-25,ORD_00102604
3323,2024-04-25,ORD_00100735
3324,2024-04-25,ORD_00102822
3325,2024-04-25,ORD_00101434
3326,2024-04-25,ORD_00102668
3327,2024-04-26,ORD_00104006
3328,2024-04-26,ORD_00104043
3329,2024-04-26,ORD_00100112
3330,2024-04-26,ORD_00101311
3331,2024-04-26,ORD_00101086
3332,2024-04-26,ORD_00104390
3333,2024-04-26,ORD_00100159
3334,2024-04-26,ORD_00100693
3335,2024-04-26,ORD_00102629
3336,2024-04-27,ORD_00101658
3337,2024-04-27,ORD_00100403
3338,2024-04-27,ORD_00100856
3339,2024-04-27,ORD_00101378
3340,2024-04-27,ORD_00102921
3341,2024-04-27,ORD_00102506
3342,2024-04-27,ORD_00101623
3343,2024-04-28,ORD_00100815
3344,2024-04-28,ORD_00104032
3345,2024-04-28,ORD_00103027
3346,2024-04-28,ORD_00100411
3347,2024-04-28,ORD_00103760
3348,2024-04-28,ORD_00100694
3349,2024-04-28,ORD_00100384
3350,2024-04-28,ORD_00104924
3351,2024-04-28,ORD_00103539
3352,2024-04-28,ORD_00101437
3353,2024-04-29,ORD_00100743
3354,2024-04-29,ORD_00101477
3355,2024-04-29,ORD_00100310
3356,2024-04-29,ORD_00100644
3357,2024-04-29,ORD_00101689
3358,2024-04-29,ORD_00102266
3359,2024-04-30,ORD_00103380
3360,2024-04-30,ORD_00100676
3361,2024-04-30,ORD_00104719
3362,2024-04-30,ORD_00103822
3363,2024-04-30,ORD_00103897
3364,2024-04-30,ORD_00102951
3365,2024-04-30,ORD_00101589
3366,2024-04-30,ORD_00101573
3367,2024-04-30,ORD_00101729
3368,2024-04-30,ORD_00104326
3369,2024-04-30,ORD_00104276
3370,2024-04-30,ORD_00104188
3371,2024-05-01,ORD_00100091
3372,2024-05-01,ORD_00102800
3373,2024-05-01,ORD_00100458
3374,2024-05-01,ORD_00102783
3375,2024-05-02,ORD_00104772
3376,2024-05-02,ORD_00104736
3377,2024-05-02,ORD_00103795
3378,2024-05-02,ORD_00101491
3379,2024-05-02,ORD_00104440
3380,2024-05-02,ORD_00101472
3381,2024-05-02,ORD_00100910
3382,2024-05-03,ORD_00102401
3383,2024-05-03,ORD_00100916
3384,2024-05-03,ORD_00103578
3385,2024-05-03,ORD_00103516
3386,2024-05-03,ORD_00101872
3387,2024-05-03,ORD_00103016
3388,2024-05-03,ORD_00104900
3389,2024-05-03,ORD_00104844
3390,2024-05-03,ORD_00104380
3391,2024-05-04,ORD_00101158
3392,2024-05-04,ORD_00100881
3393,2024-05-04,ORD_00102779
3394,2024-05-04,ORD_00101717
3395,2024-05-04,ORD_00104846
3396,2024-05-04,ORD_00102808
3397,2024-05-05,ORD_00100381
3398,2024-05-05,ORD_00103325
3399,2024-05-05,ORD_00100225
3400,2024-05-05,ORD_00100634
3401,2024-05-05,ORD_00100435
3402,2024-05-06,ORD_00102426
3403,2024-05-06,ORD_00103399
3404,2024-05-06,ORD_00100609
3405,2024-05-06,ORD_00102742
3406,2024-05-06,ORD_00102961
3407,2024-05-06,ORD_00102751
3408,2024-05-06,ORD_00104441
3409,2024-05-06,ORD_00101535
3410,2024-05-06,ORD_00101774
3411,2024-05-07,ORD_00104172
3412,2024-05-07,ORD_00103443
3413,2024-05-07,ORD_00101261
3414,2024-05-07,ORD_00103258
3415,2024-05-07,ORD_00100933
3416,2024-05-08,ORD_00102390
3417,2024-05-08,ORD_00100843
3418,2024-05-08,ORD_00100835
3419,2024-05-08,ORD_00100913
3420,2024-05-08,ORD_00104320
3421,2024-05-09,ORD_00100972
3422,2024-05-09,ORD_00100993
3423,2024-05-09,ORD_00100851
3424,2024-05-09,ORD_00100730
3425,2024-05-09,ORD_00104616
3426,2024-05-09,ORD_00100751
3427,2024-05-10,ORD_00101961
3428,2024-05-10,ORD_00102027
3429,2024-05-11,ORD_00101389
3430,2024-05-11,ORD_00102059
3431,2024-05-11,ORD_00100537
3432,2024-05-11,ORD_00101686
3433,2024-05-12,ORD_00103802
3434,2024-05-12,ORD_00101340
3435,2024-05-12,ORD_00104748
3436,2024-05-13,ORD_00100826
3437,2024-05-13,ORD_00103576
3438,2024-05-13,ORD_00102883
3439,2024-05-13,ORD_00102635
3440,2024-05-13,ORD_00101420
3441,2024-05-13,ORD_00104558
3442,2024-05-13,ORD_00104610
3443,2024-05-13,ORD_00100249
3444,2024-05-13,ORD_00101443
3445,2024-05-13,ORD_00100512
3446,2024-05-14,ORD_00104431
3447,2024-05-14,ORD_00101969
3448,2024-05-14,ORD_00102895
3449,2024-05-14,ORD_00102410
3450,2024-05-14,ORD_00100106
3451,2024-05-15,ORD_00101600
3452,2024-05-15,ORD_00102700
3453,2024-05-15,ORD_00100130
3454,2024-05-15,ORD_00103339
3455,2024-05-15,ORD_00104301
3456,2024-05-15,ORD_00102769
3457,2024-05-15,ORD_00101202
3458,2024-05-15,ORD_00100444
3459,2024-05-16,ORD_00104787
3460,2024-05-16,ORD_00103037
3461,2024-05-16,ORD_00100530
3462,2024-05-16,ORD_00103458
3463,2024-05-16,ORD_00100212
3464,2024-05-16,ORD_00104403
3465,2024-05-16,ORD_00100700
3466,2024-05-17,ORD_00102582
3467,2024-05-17,ORD_00100775
3468,2024-05-17,ORD_00101305
3469,2024-05-17,ORD_00104755
3470,2024-05-17,ORD_00103955
3471,2024-05-17,ORD_00104328
3472,2024-05-17,ORD_00102195
3473,2024-05-17,ORD_00102790
3474,2024-05-17,ORD_00100466
3475,2024-05-18,ORD_00101494
3476,2024-05-18,ORD_00104948
3477,2024-05-18,ORD_00103172
3478,2024-05-18,ORD_00101016
3479,2024-05-18,ORD_00104100
3480,2024-05-18,ORD_00101679
3481,2024-05-18,ORD_00101439
3482,2024-05-18,ORD_00104996
3483,2024-05-18,ORD_00103693
3484,2024-05-18,ORD_00101852
3485,2024-05-18,ORD_00101652
3486,2024-05-19,ORD_00102920
3487,2024-05-19,ORD_00103250
3488,2024-05-19,ORD_00104251
3489,2024-05-19,ORD_00100879
3490,2024-05-19,ORD_00102998
3491,2024-05-19,ORD_00103104
3492,2024-05-19,ORD_00102728
3493,2024-05-19,ORD_00103695
3494,2024-05-19,ORD_00103642
3495,2024-05-20,ORD_00103809
3496,2024-05-20,ORD_00101257
3497,2024-05-20,ORD_00102186
3498,2024-05-20,ORD_00101987
3499,2024-05-20,ORD_00104739
3500,2024-05-20,ORD_00104210
3501,2024-05-21,ORD_00102835
3502,2024-05-21,ORD_00102539
3503,2024-05-21,ORD_00104028
3504,2024-05-21,ORD_00101099
3505,2024-05-21,ORD_00103214
3506,2024-05-21,ORD_00100555
3507,2024-05-21,ORD_00101312
3508,2024-05-21,ORD_00101823
3509,2024-05-22,ORD_00102590
3510,2024-05-22,ORD_00100389
3511,2024-05-22,ORD_00100178
3512,2024-05-22,ORD_00102016
3513,2024-05-22,ORD_00103406
3514,2024-05-22,ORD_00102124
3515,2024-05-22,ORD_00103667
3516,2024-05-22,ORD_00100426
3517,2024-05-22,ORD_00101408
3518,2024-05-22,ORD_00102235
3519,2024-05-22,ORD_00104200
3520,2024-05-22,ORD_00102773
3521,2024-05-23,ORD_00103360
3522,2024-05-23,ORD_00103978
3523,2024-05-23,ORD_00101226
3524,2024-05-23,ORD_00104590
3525,2024-05-23,ORD_00103106
3526,2024-05-23,ORD_00103943
3527,2024-05-23,ORD_00100567
3528,2024-05-23,ORD_00102089
3529,2024-05-23,ORD_00100718
3530,2024-05-23,ORD_00103962
3531,2024-05-24,ORD_00101188
3532,2024-05-24,ORD_00100344
3533,2024-05-24,ORD_00102029
3534,2024-05-24,ORD_00100189
3535,2024-05-25,ORD_00101981
3536,2024-05-25,ORD_00101899
3537,2024-05-25,ORD_00104161
3538,2024-05-25,ORD_00100606
3539,2024-05-25,ORD_00104625
3540,2024-05-25,ORD_00100750
3541,2024-05-25,ORD_00101448
3542,2024-05-25,ORD_00102909
3543,2024-05-25,ORD_00100875
3544,2024-05-26,ORD_00102854
3545,2024-05-26,ORD_00100442
3546,2024-05-26,ORD_00102689
3547,2024-05-26,ORD_00102563
3548,2024-05-26,ORD_00103305
3549,2024-05-26,ORD_00103479
3550,2024-05-26,ORD_00103649
3551,2024-05-26,ORD_00103383
3552,2024-05-26,ORD_00103816
3553,2024-05-26,ORD_00102079
3554,2024-05-26,ORD_00101167
3555,2024-05-26,ORD_00103187
3556,2024-05-27,ORD_00102874
3557,2024-05-27,ORD_00101069
3558,2024-05-27,ORD_00104083
3559,2024-05-27,ORD_00104695
3560,2024-05-27,ORD_00104297
3561,2024-05-28,ORD_00102213
3562,2024-05-28,ORD_00101894
3563,2024-05-28,ORD_00102339
3564,2024-05-28,ORD_00101002
3565,2024-05-28,ORD_00103359
3566,2024-05-29,ORD_00103964
3567,2024-05-29,ORD_00103471
3568,2024-05-29,ORD_00101930
3569,2024-05-29,ORD_00100340
3570,2024-05-29,ORD_00102358
3571,2024-05-29,ORD_00100450
3572,2024-05-30,ORD_00103463
3573,2024-05-30,ORD_00100705
3574,2024-05-30,ORD_00101937
3575,2024-05-30,ORD_00103548
3576,2024-05-30,ORD_00102049
3577,2024-05-30,ORD_00104884
3578,2024-05-30,ORD_00102409
3579,2024-05-30,ORD_00103604
3580,2024-05-31,ORD_00100271
3581,2024-05-31,ORD_00100753
3582,2024-05-31,ORD_00101501
3583,2024-05-31,ORD_00103068
3584,2024-05-31,ORD_00103970
3585,2024-05-31,ORD_00100392
3586,2024-05-31,ORD_00100358
3587,2024-06-01,ORD_00103692
3588,2024-06-01,ORD_00103215
3589,2024-06-01,ORD_00102061
3590,2024-06-01,ORD_00100353
3591,2024-06-01,ORD_00103799
3592,2024-06-01,ORD_00100063
3593,2024-06-01,ORD_00100515
3594,2024-06-02,ORD_00100121
3595,2024-06-02,ORD_00100489
3596,2024-06-03,ORD_00100268
3597,2024-06-03,ORD_00104130
3598,2024-06-03,ORD_00100025
3599,2024-06-03,ORD_00100813
3600,2024-06-03,ORD_00102571
3601,2024-06-03,ORD_00102188
3602,2024-06-03,ORD_00102298
3603,2024-06-03,ORD_00102318
3604,2024-06-03,ORD_00101186
3605,2024-06-03,ORD_00103135
3606,2024-06-03,ORD_00103210
3607,2024-06-04,ORD_00100280
3608,2024-06-04,ORD_00100741
3609,2024-06-04,ORD_00102556
3610,2024-06-04,ORD_00102151
3611,2024-06-04,ORD_00103866
3612,2024-06-04,ORD_00102588
3613,2024-06-04,ORD_00102387
3614,2024-06-04,ORD_00103986
3615,2024-06-04,ORD_00104258
3616,2024-06-05,ORD_00102172
3617,2024-06-05,ORD_00101824
3618,2024-06-05,ORD_00102660
3619,2024-06-05,ORD_00102892
3620,2024-06-05,ORD_00104615
3621,2024-06-05,ORD_00102731
3622,2024-06-06,ORD_00104790
3623,2024-06-06,ORD_00103489
3624,2024-06-06,ORD_00102810
3625,2024-06-06,ORD_00103590
3626,2024-06-06,ORD_00103184
3627,2024-06-07,ORD_00102733
3628,2024-06-07,ORD_00102820
3629,2024-06-07,ORD_00100680
3630,2024-06-07,ORD_00102718
3631,2024-06-07,ORD_00101849
3632,2024-06-07,ORD_00100088
3633,2024-06-07,ORD_00100720
3634,2024-06-07,ORD_00100562
3635,2024-06-07,ORD_00103691
3636,2024-06-08,ORD_00104968
3637,2024-06-08,ORD_00100472
3638,2024-06-08,ORD_00101963
3639,2024-06-08,ORD_00101404
3640,2024-06-08,ORD_00102889
3641,2024-06-09,ORD_00100223
3642,2024-06-09,ORD_00100319
3643,2024-06-09,ORD_00102441
3644,2024-06-09,ORD_00101826
3645,2024-06-09,ORD_00103373
3646,2024-06-10,ORD_00100818
3647,2024-06-10,ORD_00101266
3648,2024-06-10,ORD_00104424
3649,2024-06-10,ORD_00103466
3650,2024-06-10,ORD_00104049
3651,2024-06-10,ORD_00100783
3652,2024-06-10,ORD_00102232
3653,2024-06-10,ORD_00100527
3654,2024-06-11,ORD_00103465
3655,2024-06-11,ORD_00101694
3656,2024-06-11,ORD_00100089
3657,2024-06-11,ORD_00100352
3658,2024-06-11,ORD_00102167
3659,2024-06-12,ORD_00104614
3660,2024-06-12,ORD_00100872
3661,2024-06-12,ORD_00103074
3662,2024-06-12,ORD_00104177
3663,2024-06-12,ORD_00102194
3664,2024-06-12,ORD_00104902
3665,2024-06-12,ORD_00102417
3666,2024-06-12,ORD_00103216
3667,2024-06-13,ORD_00104183
3668,2024-06-13,ORD_00104246
3669,2024-06-13,ORD_00104907
3670,2024-06-13,ORD_00102290
3671,2024-06-13,ORD_00102823
3672,2024-06-13,ORD_00101454
3673,2024-06-13,ORD_00103953
3674,2024-06-13,ORD_00101385
3675,2024-06-13,ORD_00103340
3676,2024-06-13,ORD_00100920
3677,2024-06-13,ORD_00104449
3678,2024-06-13,ORD_00100033
3679,2024-06-14,ORD_00103956
3680,2024-06-14,ORD_00101674
3681,2024-06-15,ORD_00103096
3682,2024-06-15,ORD_00103122
3683,2024-06-15,ORD_00102488
3684,2024-06-15,ORD_00100494
3685,2024-06-15,ORD_00100362
3686,2024-06-15,ORD_00104062
3687,2024-06-15,ORD_00102464
3688,2024-06-16,ORD_00104882
3689,2024-06-16,ORD_00102371
3690,2024-06-16,ORD_00102907
3691,2024-06-16,ORD_00100706
3692,2024-06-16,ORD_00102060
3693,2024-06-16,ORD_00103268
3694,2024-06-16,ORD_00102034
3695,2024-06-16,ORD_00100656
3696,2024-06-16,ORD_00101712
3697,2024-06-16,ORD_00103503
3698,2024-06-16,ORD_00104802
3699,2024-06-17,ORD_00104064
3700,2024-06-17,ORD_00101022
3701,2024-06-17,ORD_00104752
3702,2024-06-17,ORD_00104765
3703,2024-06-17,ORD_00100931
3704,2024-06-17,ORD_00102978
3705,2024-06-17,ORD_00103841
3706,2024-06-17,ORD_00103314
3707,2024-06-17,ORD_00102120
3708,2024-06-17,ORD_00101651
3709,2024-06-17,ORD_00101463
3710,2024-06-17,ORD_00101648
3711,2024-06-18,ORD_00100842
3712,2024-06-18,ORD_00101995
3713,2024-06-18,ORD_00104573
3714,2024-06-18,ORD_00103019
3715,2024-06-18,ORD_00104899
3716,2024-06-19,ORD_00102770
3717,2024-06-19,ORD_00101748
3718,2024-06-19,ORD_00104284
3719,2024-06-19,ORD_00104517
3720,2024-06-19,ORD_00104134
3721,2024-06-19,ORD_00101479
3722,2024-06-19,ORD_00102389
3723,2024-06-19,ORD_00101182
3724,2024-06-19,ORD_00100145
3725,2024-06-19,ORD_00100717
3726,2024-06-20,ORD_00104131
3727,2024-06-20,ORD_00100302
3728,2024-06-20,ORD_00102565
3729,2024-06-20,ORD_00103174
3730,2024-06-20,ORD_00100369
3731,2024-06-20,ORD_00100906
3732,2024-06-21,ORD_00100137
3733,2024-06-21,ORD_00104820
3734,2024-06-21,ORD_00104613
3735,2024-06-21,ORD_00103602
3736,2024-06-21,ORD_00102806
3737,2024-06-21,ORD_00101680
3738,2024-06-21,ORD_00102879
3739,2024-06-22,ORD_00100404
3740,2024-06-22,ORD_00100374
3741,2024-06-22,ORD_00100334
3742,2024-06-22,ORD_00104781
3743,2024-06-22,ORD_00104962
3744,2024-06-23,ORD_00104560
3745,2024-06-23,ORD_00100618
3746,2024-06-23,ORD_00102906
3747,2024-06-23,ORD_00104473
3748,2024-06-23,ORD_00102032
3749,2024-06-23,ORD_00104256
3750,2024-06-23,ORD_00101865
3751,2024-06-23,ORD_00101978
3752,2024-06-23,ORD_00101566
3753,2024-06-23,ORD_00101222
3754,2024-06-24,ORD_00103164
3755,2024-06-24,ORD_00102001
3756,2024-06-24,ORD_00104384
3757,2024-06-24,ORD_00101495
3758,2024-06-25,ORD_00100415
3759,2024-06-25,ORD_00104864
3760,2024-06-25,ORD_00103157
3761,2024-06-25,ORD_00103132
3762,2024-06-25,ORD_00102878
3763,2024-06-26,ORD_00100695
3764,2024-06-26,ORD_00101185
3765,2024-06-26,ORD_00101740
3766,2024-06-26,ORD_00103115
3767,2024-06-26,ORD_00102694
3768,2024-06-27,ORD_00102954
3769,2024-06-27,ORD_00100027
3770,2024-06-27,ORD_00102414
3771,2024-06-27,ORD_00103804
3772,2024-06-27,ORD_00104337
3773,2024-06-27,ORD_00102256
3774,2024-06-27,ORD_00103627
3775,2024-06-28,ORD_00101758
3776,2024-06-28,ORD_00101272
3777,2024-06-28,ORD_00102329
3778,2024-06-28,ORD_00102014
3779,2024-06-28,ORD_00103704
3780,2024-06-28,ORD_00103468
3781,2024-06-28,ORD_00101137
3782,2024-06-28,ORD_00104479
3783,2024-06-28,ORD_00103846
3784,2024-06-28,ORD_00100958
3785,2024-06-29,ORD_00103046
3786,2024-06-29,ORD_00104570
3787,2024-06-29,ORD_00102447
3788,2024-06-29,ORD_00101134
3789,2024-06-29,ORD_00104094
3790,2024-06-29,ORD_00102360
3791,2024-06-30,ORD_00103858
3792,2024-06-30,ORD_00100785
3793,2024-06-30,ORD_00102958
3794,2024-06-30,ORD_00104737
3795,2024-06-30,ORD_00104664
3796,2024-06-30,ORD_00104330
3797,2024-06-30,ORD_00100613
3798,2024-06-30,ORD_00100891
3799,2024-06-30,ORD_00104300
3800,2024-06-30,ORD_00103876
3801,2024-06-30,ORD_00103696
3802,2024-07-01,ORD_00102321
3803,2024-07-01,ORD_00103917
3804,2024-07-01,ORD_00100535
3805,2024-07-01,ORD_00101830
3806,2024-07-01,ORD_00101120
3807,2024-07-02,ORD_00103922
3808,2024-07-02,ORD_00104642
3809,2024-07-02,ORD_00104293
3810,2024-07-02,ORD_00101711
3811,2024-07-02,ORD_00102207
3812,2024-07-02,ORD_00104139
3813,2024-07-02,ORD_00101324
3814,2024-07-02,ORD_00104332
3815,2024-07-02,ORD_00102956
3816,2024-07-02,ORD_00101754
3817,2024-07-03,ORD_00103189
3818,2024-07-03,ORD_00103888
3819,2024-07-03,ORD_00103798
3820,2024-07-03,ORD_00103613
3821,2024-07-03,ORD_00101864
3822,2024-07-03,ORD_00103442
3823,2024-07-03,ORD_00103313
3824,2024-07-04,ORD_00100561
3825,2024-07-04,ORD_00102429
3826,2024-07-04,ORD_00103585
3827,2024-07-04,ORD_00101991
3828,2024-07-04,ORD_00104228
3829,2024-07-04,ORD_00103422
3830,2024-07-04,ORD_00102353
3831,2024-07-04,ORD_00102372
3832,2024-07-05,ORD_00101517
3833,2024-07-05,ORD_00102546
3834,2024-07-05,ORD_00102555
3835,2024-07-05,ORD_00100105
3836,2024-07-05,ORD_00104336
3837,2024-07-05,ORD_00104414
3838,2024-07-05,ORD_00104715
3839,2024-07-05,ORD_00103459
3840,2024-07-05,ORD_00102533
3841,2024-07-05,ORD_00103057
3842,2024-07-05,ORD_00100526
3843,2024-07-05,ORD_00103249
3844,2024-07-06,ORD_00103200
3845,2024-07-06,ORD_00104421
3846,2024-07-06,ORD_00103192
3847,2024-07-06,ORD_00102337
3848,2024-07-06,ORD_00103379
3849,2024-07-06,ORD_00104849
3850,2024-07-06,ORD_00101219
3851,2024-07-07,ORD_00100219
3852,2024-07-07,ORD_00104895
3853,2024-07-07,ORD_00103550
3854,2024-07-07,ORD_00104433
3855,2024-07-07,ORD_00104426
3856,2024-07-07,ORD_00103959
3857,2024-07-07,ORD_00102144
3858,2024-07-07,ORD_00103951
3859,2024-07-07,ORD_00101159
3860,2024-07-07,ORD_00103774
3861,2024-07-07,ORD_00103476
3862,2024-07-07,ORD_00101080
3863,2024-07-07,ORD_00101153
3864,2024-07-08,ORD_00103251
3865,2024-07-08,ORD_00100183
3866,2024-07-08,ORD_00103915
3867,2024-07-08,ORD_00102507
3868,2024-07-08,ORD_00103221
3869,2024-07-08,ORD_00101496
3870,2024-07-08,ORD_00102988
3871,2024-07-08,ORD_00102993
3872,2024-07-09,ORD_00103824
3873,2024-07-09,ORD_00100520
3874,2024-07-09,ORD_00104220
3875,2024-07-10,ORD_00101037
3876,2024-07-10,ORD_00100943
3877,2024-07-10,ORD_00100175
3878,2024-07-11,ORD_00104923
3879,2024-07-11,ORD_00103734
3880,2024-07-11,ORD_00104591
3881,2024-07-11,ORD_00103103
3882,2024-07-11,ORD_00101095
3883,2024-07-11,ORD_00100214
3884,2024-07-12,ORD_00104913
3885,2024-07-12,ORD_00100315
3886,2024-07-12,ORD_00102025
3887,2024-07-12,ORD_00102231
3888,2024-07-12,ORD_00104396
3889,2024-07-12,ORD_00101108
3890,2024-07-12,ORD_00102969
3891,2024-07-13,ORD_00100375
3892,2024-07-13,ORD_00104956
3893,2024-07-13,ORD_00101240
3894,2024-07-13,ORD_00103376
3895,2024-07-13,ORD_00102088
3896,2024-07-13,ORD_00100581
3897,2024-07-13,ORD_00101582
3898,2024-07-14,ORD_00100745
3899,2024-07-14,ORD_00101141
3900,2024-07-14,ORD_00103083
3901,2024-07-14,ORD_00103577
3902,2024-07-14,ORD_00104069
3903,2024-07-14,ORD_00104661
3904,2024-07-14,ORD_00102949
3905,2024-07-15,ORD_00101093
3906,2024-07-15,ORD_00104180
3907,2024-07-15,ORD_00100086
3908,2024-07-15,ORD_00100981
3909,2024-07-15,ORD_00103547
3910,2024-07-15,ORD_00101231
3911,2024-07-16,ORD_00100740
3912,2024-07-16,ORD_00103322
3913,2024-07-16,ORD_00100802
3914,2024-07-16,ORD_00104087
3915,2024-07-16,ORD_00102487
3916,2024-07-17,ORD_00102768
3917,2024-07-17,ORD_00101033
3918,2024-07-17,ORD_00104595
3919,2024-07-17,ORD_00100162
3920,2024-07-17,ORD_00104348
3921,2024-07-17,ORD_00103605
3922,2024-07-18,ORD_00102288
3923,2024-07-18,ORD_00104015
3924,2024-07-18,ORD_00101765
3925,2024-07-18,ORD_00103018
3926,2024-07-18,ORD_00104146
3927,2024-07-18,ORD_00102759
3928,2024-07-19,ORD_00100455
3929,2024-07-19,ORD_00102366
3930,2024-07-19,ORD_00104798
3931,2024-07-19,ORD_00104779
3932,2024-07-19,ORD_00103107
3933,2024-07-20,ORD_00104605
3934,2024-07-20,ORD_00103269
3935,2024-07-20,ORD_00104436
3936,2024-07-20,ORD_00103518
3937,2024-07-20,ORD_00103856
3938,2024-07-20,ORD_00101502
3939,2024-07-20,ORD_00102829
3940,2024-07-21,ORD_00101256
3941,2024-07-21,ORD_00104721
3942,2024-07-21,ORD_00100944
3943,2024-07-21,ORD_00104756
3944,2024-07-21,ORD_00100303
3945,2024-07-21,ORD_00104481
3946,2024-07-21,ORD_00100290
3947,2024-07-22,ORD_00104925
3948,2024-07-22,ORD_00101109
3949,2024-07-22,ORD_00103259
3950,2024-07-22,ORD_00100513
3951,2024-07-22,ORD_00104073
3952,2024-07-22,ORD_00101062
3953,2024-07-22,ORD_00102711
3954,2024-07-23,ORD_00103789
3955,2024-07-23,ORD_00102084
3956,2024-07-23,ORD_00101386
3957,2024-07-24,ORD_00101440
3958,2024-07-24,ORD_00104044
3959,2024-07-24,ORD_00104354
3960,2024-07-24,ORD_00103477
3961,2024-07-24,ORD_00100425
3962,2024-07-24,ORD_00103481
3963,2024-07-24,ORD_00104462
3964,2024-07-25,ORD_00104795
3965,2024-07-25,ORD_00100144
3966,2024-07-25,ORD_00103389
3967,2024-07-25,ORD_00102345
3968,2024-07-25,ORD_00100789
3969,2024-07-25,ORD_00101024
3970,2024-07-25,ORD_00102905
3971,2024-07-26,ORD_00102551
3972,2024-07-26,ORD_00104794
3973,2024-07-26,ORD_00100253
3974,2024-07-26,ORD_00100690
3975,2024-07-26,ORD_00103232
3976,2024-07-27,ORD_00101819
3977,2024-07-27,ORD_00100070
3978,2024-07-28,ORD_00103542
3979,2024-07-28,ORD_00100999
3980,2024-07-28,ORD_00101922
3981,2024-07-28,ORD_00100003
3982,2024-07-28,ORD_00101489
3983,2024-07-29,ORD_00100357
3984,2024-07-29,ORD_00103272
3985,2024-07-29,ORD_00101446
3986,2024-07-29,ORD_00103529
3987,2024-07-29,ORD_00103148
3988,2024-07-30,ORD_00104816
3989,2024-07-30,ORD_00100616
3990,2024-07-30,ORD_00100492
3991,2024-07-30,ORD_00101510
3992,2024-07-30,ORD_00101846
3993,2024-07-30,ORD_00102568
3994,2024-07-30,ORD_00100869
3995,2024-07-30,ORD_00104165
3996,2024-07-31,ORD_00102382
3997,2024-07-31,ORD_00102238
3998,2024-07-31,ORD_00104569
3999,2024-07-31,ORD_00104892
4000,2024-07-31,ORD_00101123
4001,2024-07-31,ORD_00102175
4002,2024-07-31,ORD_00102617
4003,2024-07-31,ORD_00100459
4004,2024-08-01,ORD_00100453
4005,2024-08-01,ORD_00104638
4006,2024-08-01,ORD_00100732
4007,2024-08-01,ORD_00104218
4008,2024-08-01,ORD_00103739
4009,2024-08-01,ORD_00103501
4010,2024-08-02,ORD_00101555
4011,2024-08-02,ORD_00102277
4012,2024-08-02,ORD_00103561
4013,2024-08-02,ORD_00102896
4014,2024-08-02,ORD_00100242
4015,2024-08-03,ORD_00102739
4016,2024-08-03,ORD_00102023
4017,2024-08-03,ORD_00102035
4018,2024-08-03,ORD_00103762
4019,2024-08-03,ORD_00103408
4020,2024-08-03,ORD_00101369
4021,2024-08-03,ORD_00101971
4022,2024-08-04,ORD_00103847
4023,2024-08-04,ORD_00101319
4024,2024-08-04,ORD_00103636
4025,2024-08-04,ORD_00103629
4026,2024-08-04,ORD_00101767
4027,2024-08-04,ORD_00104734
4028,2024-08-04,ORD_00101914
4029,2024-08-04,ORD_00102836
4030,2024-08-04,ORD_00103537
4031,2024-08-04,ORD_00102383
4032,2024-08-04,ORD_00103980
4033,2024-08-05,ORD_00102332
4034,2024-08-05,ORD_00100154
4035,2024-08-05,ORD_00101873
4036,2024-08-05,ORD_00100557
4037,2024-08-05,ORD_00103220
4038,2024-08-05,ORD_00101523
4039,2024-08-05,ORD_00103741
4040,2024-08-06,ORD_00103999
4041,2024-08-06,ORD_00102553
4042,2024-08-06,ORD_00100959
4043,2024-08-06,ORD_00104369
4044,2024-08-07,ORD_00104054
4045,2024-08-07,ORD_00103378
4046,2024-08-07,ORD_00103273
4047,2024-08-07,ORD_00103431
4048,2024-08-07,ORD_00100952
4049,2024-08-07,ORD_00102846
4050,2024-08-07,ORD_00102843
4051,2024-08-08,ORD_00104945
4052,2024-08-08,ORD_00103588
4053,2024-08-08,ORD_00100176
4054,2024-08-08,ORD_00101576
4055,2024-08-08,ORD_00102618
4056,2024-08-08,ORD_00101878
4057,2024-08-08,ORD_00101699
4058,2024-08-09,ORD_00101321
4059,2024-08-09,ORD_00103657
4060,2024-08-09,ORD_00102432
4061,2024-08-09,ORD_00101736
4062,2024-08-09,ORD_00104318
4063,2024-08-09,ORD_00101044
4064,2024-08-09,ORD_00101124
4065,2024-08-09,ORD_00103825
4066,2024-08-09,ORD_00100798
4067,2024-08-09,ORD_00103895
4068,2024-08-09,ORD_00104562
4069,2024-08-10,ORD_00101079
4070,2024-08-10,ORD_00102431
4071,2024-08-10,ORD_00102655
4072,2024-08-10,ORD_00101121
4073,2024-08-10,ORD_00100874
4074,2024-08-10,ORD_00100255
4075,2024-08-10,ORD_00102766
4076,2024-08-11,ORD_00101090
4077,2024-08-11,ORD_00104315
4078,2024-08-11,ORD_00100300
4079,2024-08-11,ORD_00102178
4080,2024-08-11,ORD_00101456
4081,2024-08-11,ORD_00104518
4082,2024-08-11,ORD_00102579
4083,2024-08-11,ORD_00104644
4084,2024-08-12,ORD_00100979
4085,2024-08-12,ORD_00103659
4086,2024-08-12,ORD_00104800
4087,2024-08-12,ORD_00103849
4088,2024-08-12,ORD_00103997
4089,2024-08-13,ORD_00104308
4090,2024-08-13,ORD_00103966
4091,2024-08-13,ORD_00103003
4092,2024-08-13,ORD_00104444
4093,2024-08-14,ORD_00100009
4094,2024-08-14,ORD_00102480
4095,2024-08-14,ORD_00103283
4096,2024-08-14,ORD_00101201
4097,2024-08-14,ORD_00100368
4098,2024-08-14,ORD_00100423
4099,2024-08-15,ORD_00100823
4100,2024-08-15,ORD_00101284
4101,2024-08-15,ORD_00103183
4102,2024-08-15,ORD_00102456
4103,2024-08-15,ORD_00101672
4104,2024-08-15,ORD_00103474
4105,2024-08-15,ORD_00103385
4106,2024-08-15,ORD_00104914
4107,2024-08-16,ORD_00104585
4108,2024-08-16,ORD_00102935
4109,2024-08-16,ORD_00101204
4110,2024-08-16,ORD_00102481
4111,2024-08-16,ORD_00103472
4112,2024-08-16,ORD_00102750
4113,2024-08-16,ORD_00100199
4114,2024-08-17,ORD_00102052
4115,2024-08-17,ORD_00101007
4116,2024-08-17,ORD_00103390
4117,2024-08-17,ORD_00101100
4118,2024-08-17,ORD_00104480
4119,2024-08-17,ORD_00100587
4120,2024-08-18,ORD_00104067
4121,2024-08-18,ORD_00104047
4122,2024-08-18,ORD_00103610
4123,2024-08-18,ORD_00102532
4124,2024-08-19,ORD_00100600
4125,2024-08-19,ORD_00103837
4126,2024-08-19,ORD_00103954
4127,2024-08-19,ORD_00103776
4128,2024-08-19,ORD_00103137
4129,2024-08-20,ORD_00102386
4130,2024-08-20,ORD_00104203
4131,2024-08-20,ORD_00101245
4132,2024-08-20,ORD_00102639
4133,2024-08-20,ORD_00104377
4134,2024-08-20,ORD_00104985
4135,2024-08-20,ORD_00100407
4136,2024-08-21,ORD_00100103
4137,2024-08-21,ORD_00103924
4138,2024-08-21,ORD_00104045
4139,2024-08-21,ORD_00100591
4140,2024-08-21,ORD_00102246
4141,2024-08-21,ORD_00101474
4142,2024-08-21,ORD_00103800
4143,2024-08-22,ORD_00104524
4144,2024-08-22,ORD_00101509
4145,2024-08-22,ORD_00103049
4146,2024-08-22,ORD_00101413
4147,2024-08-22,ORD_00103969
4148,2024-08-22,ORD_00103356
4149,2024-08-22,ORD_00100792
4150,2024-08-23,ORD_00102291
4151,2024-08-23,ORD_00102192
4152,2024-08-23,ORD_00102645
4153,2024-08-23,ORD_00100863
4154,2024-08-23,ORD_00100870
4155,2024-08-23,ORD_00103652
4156,2024-08-24,ORD_00103159
4157,2024-08-24,ORD_00101643
4158,2024-08-24,ORD_00100508
4159,2024-08-24,ORD_00104420
4160,2024-08-24,ORD_00102933
4161,2024-08-24,ORD_00104331
4162,2024-08-24,ORD_00104453
4163,2024-08-25,ORD_00101762
4164,2024-08-25,ORD_00104912
4165,2024-08-25,ORD_00104727
4166,2024-08-25,ORD_00102218
4167,2024-08-25,ORD_00101320
4168,2024-08-25,ORD_00104549
4169,2024-08-25,ORD_00104138
4170,2024-08-26,ORD_00103750
4171,2024-08-26,ORD_00100709
4172,2024-08-26,ORD_00102033
4173,2024-08-27,ORD_00102573
4174,2024-08-27,ORD_00104005
4175,2024-08-28,ORD_00104528
4176,2024-08-28,ORD_00102550
4177,2024-08-28,ORD_00100615
4178,2024-08-28,ORD_00102952
4179,2024-08-28,ORD_00102169
4180,2024-08-29,ORD_00104710
4181,2024-08-29,ORD_00103715
4182,2024-08-29,ORD_00101464
4183,2024-08-29,ORD_00101709
4184,2024-08-29,ORD_00102248
4185,2024-08-29,ORD_00101317
4186,2024-08-29,ORD_00100504
4187,2024-08-29,ORD_00104786
4188,2024-08-30,ORD_00101298
4189,2024-08-30,ORD_00103878
4190,2024-08-30,ORD_00101730
4191,2024-08-30,ORD_00101279
4192,2024-08-30,ORD_00103534
4193,2024-08-30,ORD_00101546
4194,2024-08-30,ORD_00102738
4195,2024-08-30,ORD_00102787
4196,2024-08-30,ORD_00104583
4197,2024-08-30,ORD_00100364
4198,2024-08-31,ORD_00101021
4199,2024-08-31,ORD_00103203
4200,2024-08-31,ORD_00104995
4201,2024-08-31,ORD_00100478
4202,2024-09-01,ORD_00101933
4203,2024-09-01,ORD_00101468
4204,2024-09-01,ORD_00100973
4205,2024-09-01,ORD_00104463
4206,2024-09-01,ORD_00101065
4207,2024-09-01,ORD_00101660
4208,2024-09-01,ORD_00100051
4209,2024-09-01,ORD_00102837
4210,2024-09-02,ORD_00100021
4211,2024-09-02,ORD_00101955
4212,2024-09-02,ORD_00100245
4213,2024-09-02,ORD_00101183
4214,2024-09-02,ORD_00104432
4215,2024-09-02,ORD_00104603
4216,2024-09-03,ORD_00104406
4217,2024-09-03,ORD_00102300
4218,2024-09-03,ORD_00100367
4219,2024-09-03,ORD_00102309
4220,2024-09-03,ORD_00100998
4221,2024-09-04,ORD_00100420
4222,2024-09-04,ORD_00103625
4223,2024-09-04,ORD_00102198
4224,2024-09-04,ORD_00104231
4225,2024-09-04,ORD_00101098
4226,2024-09-04,ORD_00102102
4227,2024-09-04,ORD_00104766
4228,2024-09-04,ORD_00102404
4229,2024-09-04,ORD_00102758
4230,2024-09-04,ORD_00103807
4231,2024-09-05,ORD_00102765
4232,2024-09-05,ORD_00101543
4233,2024-09-05,ORD_00102511
4234,2024-09-05,ORD_00104135
4235,2024-09-05,ORD_00102985
4236,2024-09-05,ORD_00101568
4237,2024-09-05,ORD_00101145
4238,2024-09-05,ORD_00103326
4239,2024-09-06,ORD_00101943
4240,2024-09-06,ORD_00102858
4241,2024-09-06,ORD_00102957
4242,2024-09-06,ORD_00101855
4243,2024-09-06,ORD_00101368
4244,2024-09-06,ORD_00104732
4245,2024-09-06,ORD_00104835
4246,2024-09-06,ORD_00104823
4247,2024-09-06,ORD_00104814
4248,2024-09-06,ORD_00102570
4249,2024-09-06,ORD_00103867
4250,2024-09-07,ORD_00103936
4251,2024-09-07,ORD_00101928
4252,2024-09-08,ORD_00104619
4253,2024-09-08,ORD_00101281
4254,2024-09-08,ORD_00103117
4255,2024-09-09,ORD_00100770
4256,2024-09-09,ORD_00104486
4257,2024-09-09,ORD_00102650
4258,2024-09-09,ORD_00104299
4259,2024-09-09,ORD_00100841
4260,2024-09-09,ORD_00104379
4261,2024-09-10,ORD_00103435
4262,2024-09-10,ORD_00104181
4263,2024-09-10,ORD_00100007
4264,2024-09-10,ORD_00103288
4265,2024-09-10,ORD_00102320
4266,2024-09-10,ORD_00101912
4267,2024-09-10,ORD_00104185
4268,2024-09-10,ORD_00104372
4269,2024-09-11,ORD_00101608
4270,2024-09-11,ORD_00104887
4271,2024-09-11,ORD_00100322
4272,2024-09-11,ORD_00103206
4273,2024-09-11,ORD_00104821
4274,2024-09-11,ORD_00101813
4275,2024-09-11,ORD_00103245
4276,2024-09-12,ORD_00100195
4277,2024-09-12,ORD_00100839
4278,2024-09-12,ORD_00104852
4279,2024-09-12,ORD_00102927
4280,2024-09-12,ORD_00101662
4281,2024-09-12,ORD_00102833
4282,2024-09-12,ORD_00101013
4283,2024-09-13,ORD_00104182
4284,2024-09-13,ORD_00100638
4285,2024-09-13,ORD_00100087
4286,2024-09-13,ORD_00103461
4287,2024-09-13,ORD_00100347
4288,2024-09-13,ORD_00100196
4289,2024-09-13,ORD_00104077
4290,2024-09-13,ORD_00102263
4291,2024-09-13,ORD_00104048
4292,2024-09-13,ORD_00100247
4293,2024-09-13,ORD_00103294
4294,2024-09-14,ORD_00104754
4295,2024-09-14,ORD_00100320
4296,2024-09-14,ORD_00103699
4297,2024-09-14,ORD_00101020
4298,2024-09-14,ORD_00103886
4299,2024-09-14,ORD_00103687
4300,2024-09-15,ORD_00100660
4301,2024-09-15,ORD_00100026
4302,2024-09-15,ORD_00100297
4303,2024-09-15,ORD_00102127
4304,2024-09-15,ORD_00100964
4305,2024-09-15,ORD_00101515
4306,2024-09-15,ORD_00103432
4307,2024-09-15,ORD_00100012
4308,2024-09-15,ORD_00104307
4309,2024-09-15,ORD_00100857
4310,2024-09-16,ORD_00103097
4311,2024-09-16,ORD_00104378
4312,2024-09-16,ORD_00102583
4313,2024-09-16,ORD_00102101
4314,2024-09-16,ORD_00103860
4315,2024-09-16,ORD_00103152
4316,2024-09-16,ORD_00100376
4317,2024-09-16,ORD_00101152
4318,2024-09-17,ORD_00103367
4319,2024-09-17,ORD_00102096
4320,2024-09-17,ORD_00103287
4321,2024-09-18,ORD_00103163
4322,2024-09-18,ORD_00101430
4323,2024-09-18,ORD_00104555
4324,2024-09-18,ORD_00102541
4325,2024-09-19,ORD_00102664
4326,2024-09-19,ORD_00100949
4327,2024-09-19,ORD_00102574
4328,2024-09-19,ORD_00101611
4329,2024-09-19,ORD_00102063
4330,2024-09-20,ORD_00104000
4331,2024-09-20,ORD_00102239
4332,2024-09-20,ORD_00100878
4333,2024-09-20,ORD_00102558
4334,2024-09-20,ORD_00103022
4335,2024-09-20,ORD_00103498
4336,2024-09-20,ORD_00102537
4337,2024-09-21,ORD_00103504
4338,2024-09-21,ORD_00101332
4339,2024-09-21,ORD_00104652
4340,2024-09-21,ORD_00100861
4341,2024-09-21,ORD_00103133
4342,2024-09-21,ORD_00103253
4343,2024-09-21,ORD_00100301
4344,2024-09-21,ORD_00102852
4345,2024-09-21,ORD_00104270
4346,2024-09-22,ORD_00104137
4347,2024-09-22,ORD_00100765
4348,2024-09-22,ORD_00101058
4349,2024-09-22,ORD_00104327
4350,2024-09-22,ORD_00104208
4351,2024-09-22,ORD_00102926
4352,2024-09-22,ORD_00100124
4353,2024-09-22,ORD_00104716
4354,2024-09-22,ORD_00104808
4355,2024-09-23,ORD_00101923
4356,2024-09-23,ORD_00103592
4357,2024-09-23,ORD_00101190
4358,2024-09-23,ORD_00102260
4359,2024-09-23,ORD_00104195
4360,2024-09-23,ORD_00101083
4361,2024-09-24,ORD_00102141
4362,2024-09-24,ORD_00103881
4363,2024-09-24,ORD_00101374
4364,2024-09-25,ORD_00101217
4365,2024-09-25,ORD_00100661
4366,2024-09-25,ORD_00100779
4367,2024-09-25,ORD_00101490
4368,2024-09-25,ORD_00102614
4369,2024-09-26,ORD_00101144
4370,2024-09-26,ORD_00103469
4371,2024-09-26,ORD_00103261
4372,2024-09-26,ORD_00104086
4373,2024-09-26,ORD_00102363
4374,2024-09-26,ORD_00104288
4375,2024-09-26,ORD_00104153
4376,2024-09-27,ORD_00104520
4377,2024-09-27,ORD_00101906
4378,2024-09-27,ORD_00103720
4379,2024-09-27,ORD_00104818
4380,2024-09-27,ORD_00104744
4381,2024-09-27,ORD_00102973
4382,2024-09-28,ORD_00102529
4383,2024-09-28,ORD_00102594
4384,2024-09-28,ORD_00103129
4385,2024-09-28,ORD_00103725
4386,2024-09-29,ORD_00103333
4387,2024-09-29,ORD_00104577
4388,2024-09-29,ORD_00104395
4389,2024-09-29,ORD_00104500
4390,2024-09-29,ORD_00104236
4391,2024-09-30,ORD_00104226
4392,2024-09-30,ORD_00103830
4393,2024-09-30,ORD_00104537
4394,2024-09-30,ORD_00101416
4395,2024-09-30,ORD_00102445
4396,2024-10-01,ORD_00103267
4397,2024-10-01,ORD_00101856
4398,2024-10-01,ORD_00101460
4399,2024-10-01,ORD_00103138
4400,2024-10-01,ORD_00104355
4401,2024-10-01,ORD_00100757
4402,2024-10-02,ORD_00100165
4403,2024-10-02,ORD_00100938
4404,2024-10-02,ORD_00102468
4405,2024-10-02,ORD_00101107
4406,2024-10-02,ORD_00104712
4407,2024-10-03,ORD_00103712
4408,2024-10-03,ORD_00101212
4409,2024-10-03,ORD_00101835
4410,2024-10-04,ORD_00100198
4411,2024-10-04,ORD_00102732
4412,2024-10-04,ORD_00103040
4413,2024-10-04,ORD_00100264
4414,2024-10-04,ORD_00101954
4415,2024-10-04,ORD_00101060
4416,2024-10-04,ORD_00104482
4417,2024-10-05,ORD_00104249
4418,2024-10-05,ORD_00104425
4419,2024-10-05,ORD_00103234
4420,2024-10-05,ORD_00104767
4421,2024-10-06,ORD_00100832
4422,2024-10-06,ORD_00101802
4423,2024-10-06,ORD_00103165
4424,2024-10-06,ORD_00101596
4425,2024-10-07,ORD_00104129
4426,2024-10-07,ORD_00103371
4427,2024-10-07,ORD_00103410
4428,2024-10-07,ORD_00103967
4429,2024-10-08,ORD_00100265
4430,2024-10-08,ORD_00102196
4431,2024-10-08,ORD_00101782
4432,2024-10-08,ORD_00103862
4433,2024-10-08,ORD_00102944
4434,2024-10-08,ORD_00104088
4435,2024-10-08,ORD_00101960
4436,2024-10-08,ORD_00101670
4437,2024-10-08,ORD_00104351
4438,2024-10-09,ORD_00104753
4439,2024-10-09,ORD_00100524
4440,2024-10-09,ORD_00101161
4441,2024-10-10,ORD_00102809
4442,2024-10-10,ORD_00104725
4443,2024-10-10,ORD_00100871
4444,2024-10-10,ORD_00103921
4445,2024-10-11,ORD_00102649
4446,2024-10-11,ORD_00102697
4447,2024-10-11,ORD_00101934
4448,2024-10-11,ORD_00100976
4449,2024-10-11,ORD_00100563
4450,2024-10-11,ORD_00103224
4451,2024-10-12,ORD_00104807
4452,2024-10-12,ORD_00102275
4453,2024-10-12,ORD_00103703
4454,2024-10-12,ORD_00102342
4455,2024-10-13,ORD_00101862
4456,2024-10-13,ORD_00101485
4457,2024-10-13,ORD_00101505
4458,2024-10-13,ORD_00102064
4459,2024-10-13,ORD_00102328
4460,2024-10-13,ORD_00101684
4461,2024-10-14,ORD_00102599
4462,2024-10-14,ORD_00100098
4463,2024-10-14,ORD_00100922
4464,2024-10-14,ORD_00103726
4465,2024-10-14,ORD_00104801
4466,2024-10-14,ORD_00103729
4467,2024-10-14,ORD_00103141
4468,2024-10-14,ORD_00102505
4469,2024-10-14,ORD_00104529
4470,2024-10-15,ORD_00102393
4471,2024-10-15,ORD_00101886
4472,2024-10-15,ORD_00104921
4473,2024-10-15,ORD_00103446
4474,2024-10-16,ORD_00101148
4475,2024-10-16,ORD_00101352
4476,2024-10-16,ORD_00104621
4477,2024-10-16,ORD_00102031
4478,2024-10-16,ORD_00101557
4479,2024-10-16,ORD_00100318
4480,2024-10-16,ORD_00100623
4481,2024-10-16,ORD_00100628
4482,2024-10-17,ORD_00103732
4483,2024-10-17,ORD_00104442
4484,2024-10-17,ORD_00101553
4485,2024-10-17,ORD_00103332
4486,2024-10-17,ORD_00103391
4487,2024-10-17,ORD_00101759
4488,2024-10-17,ORD_00102673
4489,2024-10-17,ORD_00103402
4490,2024-10-17,ORD_00100336
4491,2024-10-17,ORD_00100859
4492,2024-10-18,ORD_00104042
4493,2024-10-18,ORD_00100076
4494,2024-10-18,ORD_00101735
4495,2024-10-18,ORD_00101988
4496,2024-10-18,ORD_00103490
4497,2024-10-18,ORD_00100412
4498,2024-10-18,ORD_00104758
4499,2024-10-18,ORD_00101360
4500,2024-10-18,ORD_00104235
4501,2024-10-19,ORD_00104997
4502,2024-10-19,ORD_00103167
4503,2024-10-19,ORD_00102378
4504,2024-10-19,ORD_00103139
4505,2024-10-19,ORD_00102722
4506,2024-10-19,ORD_00101876
4507,2024-10-20,ORD_00103301
4508,2024-10-20,ORD_00104114
4509,2024-10-20,ORD_00102225
4510,2024-10-20,ORD_00102580
4511,2024-10-20,ORD_00103905
4512,2024-10-20,ORD_00104658
4513,2024-10-20,ORD_00100737
4514,2024-10-21,ORD_00104601
4515,2024-10-21,ORD_00104999
4516,2024-10-21,ORD_00101806
4517,2024-10-21,ORD_00104214
4518,2024-10-21,ORD_00104391
4519,2024-10-21,ORD_00102936
4520,2024-10-21,ORD_00102717
4521,2024-10-21,ORD_00101673
4522,2024-10-22,ORD_00101973
4523,2024-10-22,ORD_00101875
4524,2024-10-22,ORD_00104229
4525,2024-10-22,ORD_00100321
4526,2024-10-22,ORD_00101189
4527,2024-10-22,ORD_00101581
4528,2024-10-22,ORD_00102859
4529,2024-10-23,ORD_00101610
4530,2024-10-23,ORD_00100601
4531,2024-10-23,ORD_00104213
4532,2024-10-23,ORD_00100811
4533,2024-10-23,ORD_00101488
4534,2024-10-23,ORD_00102706
4535,2024-10-24,ORD_00103209
4536,2024-10-24,ORD_00100787
4537,2024-10-24,ORD_00103601
4538,2024-10-24,ORD_00101366
4539,2024-10-24,ORD_00101338
4540,2024-10-24,ORD_00104452
4541,2024-10-25,ORD_00103361
4542,2024-10-25,ORD_00104617
4543,2024-10-25,ORD_00102540
4544,2024-10-25,ORD_00101432
4545,2024-10-25,ORD_00100169
4546,2024-10-25,ORD_00101209
4547,2024-10-27,ORD_00101423
4548,2024-10-27,ORD_00101574
4549,2024-10-27,ORD_00102756
4550,2024-10-27,ORD_00100113
4551,2024-10-27,ORD_00104309
4552,2024-10-28,ORD_00103983
4553,2024-10-28,ORD_00103663
4554,2024-10-28,ORD_00101669
4555,2024-10-28,ORD_00102462
4556,2024-10-28,ORD_00102443
4557,2024-10-28,ORD_00104143
4558,2024-10-29,ORD_00104304
4559,2024-10-29,ORD_00100387
4560,2024-10-29,ORD_00101504
4561,2024-10-29,ORD_00101549
4562,2024-10-29,ORD_00104959
4563,2024-10-30,ORD_00102098
4564,2024-10-30,ORD_00104081
4565,2024-10-31,ORD_00102793
4566,2024-10-31,ORD_00102789
4567,2024-10-31,ORD_00103303
4568,2024-10-31,ORD_00101707
4569,2024-10-31,ORD_00100739
4570,2024-10-31,ORD_00100454
4571,2024-11-01,ORD_00103640
4572,2024-11-01,ORD_00102270
4573,2024-11-01,ORD_00104097
4574,2024-11-01,ORD_00100731
4575,2024-11-01,ORD_00103319
4576,2024-11-01,ORD_00103615
4577,2024-11-01,ORD_00100907
4578,2024-11-02,ORD_00100311
4579,2024-11-02,ORD_00102317
4580,2024-11-02,ORD_00100277
4581,2024-11-02,ORD_00103278
4582,2024-11-02,ORD_00104718
4583,2024-11-02,ORD_00100685
4584,2024-11-03,ORD_00102197
4585,2024-11-03,ORD_00102974
4586,2024-11-03,ORD_00104571
4587,2024-11-03,ORD_00101975
4588,2024-11-03,ORD_00101004
4589,2024-11-03,ORD_00103531
4590,2024-11-04,ORD_00103644
4591,2024-11-04,ORD_00103747
4592,2024-11-04,ORD_00104757
4593,2024-11-04,ORD_00100962
4594,2024-11-04,ORD_00104343
4595,2024-11-04,ORD_00101111
4596,2024-11-04,ORD_00100053
4597,2024-11-05,ORD_00102303
4598,2024-11-05,ORD_00102076
4599,2024-11-05,ORD_00100224
4600,2024-11-05,ORD_00103198
4601,2024-11-05,ORD_00101747
4602,2024-11-06,ORD_00101998
4603,2024-11-06,ORD_00100819
4604,2024-11-06,ORD_00101308
4605,2024-11-06,ORD_00102654
4606,2024-11-06,ORD_00100448
4607,2024-11-06,ORD_00103857
4608,2024-11-06,ORD_00104496
4609,2024-11-06,ORD_00102631
4610,2024-11-06,ORD_00104350
4611,2024-11-07,ORD_00102126
4612,2024-11-07,ORD_00103050
4613,2024-11-07,ORD_00100829
4614,2024-11-07,ORD_00104796
4615,2024-11-07,ORD_00102191
4616,2024-11-07,ORD_00100424
4617,2024-11-07,ORD_00103958
4618,2024-11-07,ORD_00104402
4619,2024-11-07,ORD_00102841
4620,2024-11-07,ORD_00101304
4621,2024-11-07,ORD_00103154
4622,2024-11-08,ORD_00103586
4623,2024-11-08,ORD_00100834
4624,2024-11-08,ORD_00100711
4625,2024-11-08,ORD_00100047
4626,2024-11-08,ORD_00100714
4627,2024-11-09,ORD_00104741
4628,2024-11-09,ORD_00102607
4629,2024-11-09,ORD_00104514
4630,2024-11-09,ORD_00101749
4631,2024-11-09,ORD_00104627
4632,2024-11-09,ORD_00104606
4633,2024-11-09,ORD_00103580
4634,2024-11-09,ORD_00104107
4635,2024-11-09,ORD_00100996
4636,2024-11-10,ORD_00102100
4637,2024-11-10,ORD_00103302
4638,2024-11-10,ORD_00104405
4639,2024-11-10,ORD_00104768
4640,2024-11-10,ORD_00104341
4641,2024-11-11,ORD_00100082
4642,2024-11-11,ORD_00101632
4643,2024-11-11,ORD_00102037
4644,2024-11-11,ORD_00103829
4645,2024-11-12,ORD_00102041
4646,2024-11-12,ORD_00101687
4647,2024-11-12,ORD_00100232
4648,2024-11-13,ORD_00103355
4649,2024-11-13,ORD_00104374
4650,2024-11-13,ORD_00103555
4651,2024-11-13,ORD_00101641
4652,2024-11-13,ORD_00101800
4653,2024-11-13,ORD_00100190
4654,2024-11-13,ORD_00100934
4655,2024-11-14,ORD_00101438
4656,2024-11-14,ORD_00100060
4657,2024-11-14,ORD_00100760
4658,2024-11-14,ORD_00104859
4659,2024-11-14,ORD_00104239
4660,2024-11-14,ORD_00103296
4661,2024-11-14,ORD_00100329
4662,2024-11-15,ORD_00104714
4663,2024-11-15,ORD_00102467
4664,2024-11-15,ORD_00103093
4665,2024-11-15,ORD_00102499
4666,2024-11-16,ORD_00103274
4667,2024-11-16,ORD_00103993
4668,2024-11-16,ORD_00100115
4669,2024-11-16,ORD_00100396
4670,2024-11-16,ORD_00103026
4671,2024-11-16,ORD_00103366
4672,2024-11-16,ORD_00103755
4673,2024-11-16,ORD_00104418
4674,2024-11-17,ORD_00100507
4675,2024-11-17,ORD_00103384
4676,2024-11-17,ORD_00104841
4677,2024-11-17,ORD_00101704
4678,2024-11-17,ORD_00103149
4679,2024-11-17,ORD_00103785
4680,2024-11-17,ORD_00100279
4681,2024-11-18,ORD_00102755
4682,2024-11-18,ORD_00103349
4683,2024-11-18,ORD_00100688
4684,2024-11-18,ORD_00100719
4685,2024-11-18,ORD_00103171
4686,2024-11-18,ORD_00101380
4687,2024-11-18,ORD_00103485
4688,2024-11-18,ORD_00103512
4689,2024-11-18,ORD_00104829
4690,2024-11-18,ORD_00104588
4691,2024-11-18,ORD_00101979
4692,2024-11-18,ORD_00101076
4693,2024-11-18,ORD_00103451
4694,2024-11-18,ORD_00104175
4695,2024-11-18,ORD_00102849
4696,2024-11-19,ORD_00102189
4697,2024-11-19,ORD_00101043
4698,2024-11-19,ORD_00101059
4699,2024-11-19,ORD_00101524
4700,2024-11-19,ORD_00101469
4701,2024-11-19,ORD_00100090
4702,2024-11-20,ORD_00102347
4703,2024-11-20,ORD_00101370
4704,2024-11-20,ORD_00100509
4705,2024-11-20,ORD_00100791
4706,2024-11-20,ORD_00103308
4707,2024-11-20,ORD_00104502
4708,2024-11-20,ORD_00100040
4709,2024-11-20,ORD_00102853
4710,2024-11-21,ORD_00100182
4711,2024-11-21,ORD_00102161
4712,2024-11-21,ORD_00101216
4713,2024-11-21,ORD_00103567
4714,2024-11-21,ORD_00102322
4715,2024-11-21,ORD_00101925
4716,2024-11-21,ORD_00100246
4717,2024-11-21,ORD_00104333
4718,2024-11-22,ORD_00101310
4719,2024-11-22,ORD_00103651
4720,2024-11-22,ORD_00101584
4721,2024-11-23,ORD_00102237
4722,2024-11-23,ORD_00104317
4723,2024-11-23,ORD_00102636
4724,2024-11-23,ORD_00104984
4725,2024-11-23,ORD_00100001
4726,2024-11-24,ORD_00100462
4727,2024-11-24,ORD_00101441
4728,2024-11-24,ORD_00100085
4729,2024-11-24,ORD_00100675
4730,2024-11-24,ORD_00102648
4731,2024-11-25,ORD_00101696
4732,2024-11-25,ORD_00101302
4733,2024-11-25,ORD_00100197
4734,2024-11-25,ORD_00103178
4735,2024-11-25,ORD_00102340
4736,2024-11-25,ORD_00101640
4737,2024-11-26,ORD_00102045
4738,2024-11-26,ORD_00104951
4739,2024-11-26,ORD_00102922
4740,2024-11-26,ORD_00104694
4741,2024-11-27,ORD_00100850
4742,2024-11-27,ORD_00102776
4743,2024-11-27,ORD_00103233
4744,2024-11-27,ORD_00102764
4745,2024-11-28,ORD_00100671
4746,2024-11-28,ORD_00104471
4747,2024-11-28,ORD_00103666
4748,2024-11-28,ORD_00102012
4749,2024-11-28,ORD_00102601
4750,2024-11-28,ORD_00103217
4751,2024-11-28,ORD_00101102
4752,2024-11-28,ORD_00104936
4753,2024-11-28,ORD_00102997
4754,2024-11-28,ORD_00103475
4755,2024-11-29,ORD_00101905
4756,2024-11-29,ORD_00103456
4757,2024-11-29,ORD_00102821
4758,2024-11-29,ORD_00104488
4759,2024-11-30,ORD_00102566
4760,2024-11-30,ORD_00104857
4761,2024-11-30,ORD_00103092
4762,2024-11-30,ORD_00102524
4763,2024-12-01,ORD_00103818
4764,2024-12-01,ORD_00101777
4765,2024-12-01,ORD_00102365
4766,2024-12-01,ORD_00102584
4767,2024-12-01,ORD_00102442
4768,2024-12-01,ORD_00101119
4769,2024-12-01,ORD_00102693
4770,2024-12-01,ORD_00103950
4771,2024-12-01,ORD_00101916
4772,2024-12-02,ORD_00104597
4773,2024-12-02,ORD_00100786
4774,2024-12-02,ORD_00100014
4775,2024-12-02,ORD_00101435
4776,2024-12-02,ORD_00101268
4777,2024-12-02,ORD_00101215
4778,2024-12-02,ORD_00104176
4779,2024-12-02,ORD_00101403
4780,2024-12-02,ORD_00100307
4781,2024-12-02,ORD_00103813
4782,2024-12-02,ORD_00102258
4783,2024-12-02,ORD_00102782
4784,2024-12-02,ORD_00102036
4785,2024-12-03,ORD_00103603
4786,2024-12-03,ORD_00101594
4787,2024-12-03,ORD_00104060
4788,2024-12-03,ORD_00100400
4789,2024-12-03,ORD_00102004
4790,2024-12-04,ORD_00102306
4791,2024-12-04,ORD_00101014
4792,2024-12-04,ORD_00104572
4793,2024-12-04,ORD_00100650
4794,2024-12-04,ORD_00100081
4795,2024-12-04,ORD_00101650
4796,2024-12-04,ORD_00101376
4797,2024-12-04,ORD_00103191
4798,2024-12-04,ORD_00103277
4799,2024-12-05,ORD_00103805
4800,2024-12-05,ORD_00101276
4801,2024-12-05,ORD_00102828
4802,2024-12-05,ORD_00102427
4803,2024-12-05,ORD_00102771
4804,2024-12-05,ORD_00101019
4805,2024-12-06,ORD_00100463
4806,2024-12-06,ORD_00104494
4807,2024-12-06,ORD_00104456
4808,2024-12-07,ORD_00102433
4809,2024-12-07,ORD_00100257
4810,2024-12-07,ORD_00103975
4811,2024-12-07,ORD_00103948
4812,2024-12-07,ORD_00103648
4813,2024-12-07,ORD_00100032
4814,2024-12-07,ORD_00100968
4815,2024-12-08,ORD_00103473
4816,2024-12-08,ORD_00100372
4817,2024-12-08,ORD_00101351
4818,2024-12-08,ORD_00100553
4819,2024-12-08,ORD_00103688
4820,2024-12-08,ORD_00104738
4821,2024-12-08,ORD_00101277
4822,2024-12-09,ORD_00103671
4823,2024-12-09,ORD_00104411
4824,2024-12-09,ORD_00100313
4825,2024-12-09,ORD_00101675
4826,2024-12-10,ORD_00101881
4827,2024-12-10,ORD_00102158
4828,2024-12-10,ORD_00104927
4829,2024-12-10,ORD_00100486
4830,2024-12-10,ORD_00104941
4831,2024-12-10,ORD_00104952
4832,2024-12-10,ORD_00101527
4833,2024-12-10,ORD_00100399
4834,2024-12-10,ORD_00101208
4835,2024-12-11,ORD_00102772
4836,2024-12-11,ORD_00104905
4837,2024-12-11,ORD_00100327
4838,2024-12-11,ORD_00104484
4839,2024-12-11,ORD_00100806
4840,2024-12-11,ORD_00102632
4841,2024-12-11,ORD_00100511
4842,2024-12-11,ORD_00104267
4843,2024-12-11,ORD_00104020
4844,2024-12-11,ORD_00101094
4845,2024-12-11,ORD_00104879
4846,2024-12-11,ORD_00100101
4847,2024-12-11,ORD_00101181
4848,2024-12-11,ORD_00100624
4849,2024-12-12,ORD_00104477
4850,2024-12-12,ORD_00103998
4851,2024-12-12,ORD_00103598
4852,2024-12-12,ORD_00103229
4853,2024-12-12,ORD_00101047
4854,2024-12-12,ORD_00103420
4855,2024-12-12,ORD_00101554
4856,2024-12-12,ORD_00103436
4857,2024-12-12,ORD_00103808
4858,2024-12-12,ORD_00103320
4859,2024-12-12,ORD_00103742
4860,2024-12-12,ORD_00101359
4861,2024-12-13,ORD_00101048
4862,2024-12-13,ORD_00100664
4863,2024-12-13,ORD_00102598
4864,2024-12-13,ORD_00103119
4865,2024-12-13,ORD_00103619
4866,2024-12-13,ORD_00101870
4867,2024-12-13,ORD_00104530
4868,2024-12-13,ORD_00103620
4869,2024-12-13,ORD_00103768
4870,2024-12-14,ORD_00100092
4871,2024-12-14,ORD_00104319
4872,2024-12-14,ORD_00100084
4873,2024-12-14,ORD_00101921
4874,2024-12-14,ORD_00101516
4875,2024-12-14,ORD_00104854
4876,2024-12-14,ORD_00100927
4877,2024-12-14,ORD_00104149
4878,2024-12-14,ORD_00100499
4879,2024-12-15,ORD_00102678
4880,2024-12-15,ORD_00101775
4881,2024-12-15,ORD_00101615
4882,2024-12-15,ORD_00100982
4883,2024-12-15,ORD_00101591
4884,2024-12-15,ORD_00104427
4885,2024-12-15,ORD_00102097
4886,2024-12-15,ORD_00102118
4887,2024-12-15,ORD_00102077
4888,2024-12-16,ORD_00102698
4889,2024-12-16,ORD_00103738
4890,2024-12-16,ORD_00101874
4891,2024-12-16,ORD_00103060
4892,2024-12-16,ORD_00103850
4893,2024-12-16,ORD_00103415
4894,2024-12-17,ORD_00104579
4895,2024-12-17,ORD_00103357
4896,2024-12-17,ORD_00101348
4897,2024-12-17,ORD_00103352
4898,2024-12-17,ORD_00104834
4899,2024-12-17,ORD_00100155
4900,2024-12-17,ORD_00103562
4901,2024-12-17,ORD_00102941
4902,2024-12-17,ORD_00101693
4903,2024-12-17,ORD_00103048
4904,2024-12-18,ORD_00100208
4905,2024-12-18,ORD_00100715
4906,2024-12-18,ORD_00102995
4907,2024-12-18,ORD_00103617
4908,2024-12-18,ORD_00101719
4909,2024-12-18,ORD_00101723
4910,2024-12-18,ORD_00101459
4911,2024-12-18,ORD_00101129
4912,2024-12-18,ORD_00102561
4913,2024-12-18,ORD_00103535
4914,2024-12-18,ORD_00101801
4915,2024-12-18,ORD_00103405
4916,2024-12-18,ORD_00100904
4917,2024-12-19,ORD_00104240
4918,2024-12-19,ORD_00100490
4919,2024-12-19,ORD_00104368
4920,2024-12-19,ORD_00102057
4921,2024-12-20,ORD_00102222
4922,2024-12-20,ORD_00101220
4923,2024-12-20,ORD_00104521
4924,2024-12-20,ORD_00102671
4925,2024-12-20,ORD_00100241
4926,2024-12-21,ORD_00104589
4927,2024-12-21,ORD_00103264
4928,2024-12-21,ORD_00101210
4929,2024-12-21,ORD_00100059
4930,2024-12-21,ORD_00104104
4931,2024-12-22,ORD_00103833
4932,2024-12-22,ORD_00101218
4933,2024-12-22,ORD_00103522
4934,2024-12-22,ORD_00103981
4935,2024-12-22,ORD_00103557
4936,2024-12-22,ORD_00104784
4937,2024-12-22,ORD_00101082
4938,2024-12-22,ORD_00100670
4939,2024-12-22,ORD_00102201
4940,2024-12-23,ORD_00104640
4941,2024-12-23,ORD_00100373
4942,2024-12-23,ORD_00102119
4943,2024-12-23,ORD_00100177
4944,2024-12-23,ORD_00104243
4945,2024-12-23,ORD_00104311
4946,2024-12-24,ORD_00103001
4947,2024-12-24,ORD_00102255
4948,2024-12-25,ORD_00103517
4949,2024-12-25,ORD_00100429
4950,2024-12-25,ORD_00102865
4951,2024-12-25,ORD_00100123
4952,2024-12-25,ORD_00101768
4953,2024-12-25,ORD_00103265
4954,2024-12-25,ORD_00101237
4955,2024-12-25,ORD_00101032
4956,2024-12-26,ORD_00104944
4957,2024-12-26,ORD_00104122
4958,2024-12-26,ORD_00102547
4959,2024-12-26,ORD_00100630
4960,2024-12-26,ORD_00102699
4961,2024-12-26,ORD_00104509
4962,2024-12-27,ORD_00101668
4963,2024-12-27,ORD_00100846
4964,2024-12-27,ORD_00101275
4965,2024-12-27,ORD_00104428
4966,2024-12-27,ORD_00102271
4967,2024-12-27,ORD_00102937
4968,2024-12-28,ORD_00100516
4969,2024-12-28,ORD_00104401
4970,2024-12-28,ORD_00104257
4971,2024-12-28,ORD_00100758
4972,2024-12-28,ORD_00100759
4973,2024-12-28,ORD_00103775
4974,2024-12-29,ORD_00101997
4975,2024-12-29,ORD_00103102
4976,2024-12-29,ORD_00103536
4977,2024-12-29,ORD_00103835
4978,2024-12-29,ORD_00102165
4979,2024-12-29,ORD_00100585
4980,2024-12-29,ORD_00102257
4981,2024-12-29,ORD_00101096
4982,2024-12-29,ORD_00100469
4983,2024-12-29,ORD_00101234
4984,2024-12-30,ORD_00102886
4985,2024-12-30,ORD_00102490
4986,2024-12-30,ORD_00100570
4987,2024-12-30,ORD_00101115
4988,2024-12-30,ORD_00100808
4989,2024-12-30,ORD_00103923
4990,2024-12-30,ORD_00104370
4991,2024-12-30,ORD_00104961
4992,2024-12-30,ORD_00102851
4993,2024-12-30,ORD_00102168
4994,2024-12-30,ORD_00103252
4995,2024-12-31,ORD_00104856
4996,2024-12-31,ORD_00101362
4997,2024-12-31,ORD_00101741
4998,2024-12-31,ORD_00104277
4999,2024-12-31,ORD_00103455
